bsr_state_id,bsr_state_name,tsr_state_id,tsr_state_name,tsr_owner,bsr_owner,tsr_controller,bsr_controller,tsr_cores,bsr_cores
1,Corsica,1,Corsica,ITA,FRA,ITA,,COR FRA ITA,COR FRA
2,STATE_2,2,Latium,ITA,ITA,,,ITA PAP,ITA
4,STATE_4,4,STATE_4,GER,AUS,GER,GER,AUS GER,AUS GER
5,STATE_5,5,STATE_5,GER,GER,,GER,GER PRE,GER POL PRE
6,Flanders,6,Flanders,BEL,BEL,,GER,BEL,BEL FLA
7,STATE_7,7,STATE_7,HOL,HOL,,GER,HOL,HOL
8,STATE_8,8,STATE_8,GER,LUX,,GER,GER LUX,LUX
9,STATE_9,9,STATE_9,CZE,CZE,GER,PBM,CZE,CZE PBM
10,STATE_10,10,STATE_10,RUS,POL,,GGO,POL,POL
11,STATE_11,815,STATE_815,RUS,LIT,,SOV,LIT,LIT
12,STATE_12,808,STATE_808,RUS,LAT,,SOV,LAT,LAT LIV
13,STATE_13,812,STATE_812,RUS,EST,,SOV,EST,EST
14,STATE_14,14,STATE_14,FRA,FRA,,GER,BRI FRA,BRI FRA
15,STATE_15,15,STATE_15,FRA,FRA,,GER,FRA,FRA NRM
16,STATE_16,16,STATE_16,FRA,FRA,,GER,FRA,FRA
17,STATE_17,17,Lorraine,FRA,FRA,,GER,FRA,BGN FRA
18,STATE_18,1062,STATE_1062,FRA,FRA,,GER,FRA,BGN FRA
19,STATE_19,19,STATE_19,FRA,FRA,,GER,FRA OCC,FRA OCC
23,STATE_23,23,STATE_23,FRA,FRA,,GER,FRA,FRA
24,STATE_24,24,STATE_24,FRA,FRA,,GER,FRA,FRA
27,STATE_27,27,Bourgogne,FRA,FRA,,GER,FRA,BGN FRA
28,STATE_28,978,Baden,GER,FRA,,GER,GER WUR,ALS FRA
29,STATE_29,29,STATE_29,BEL,FRA,,GER,FRA,FRA
30,STATE_30,30,STATE_30,FRA,FRA,,GER,FRA,FRA
32,STATE_32,32,STATE_32,FRA,FRA,,,FRA OCC,FRA
34,STATE_34,34,STATE_34,BEL,BEL,,GER,BEL,BEL BRB WLL
35,STATE_35,35,STATE_35,HOL,HOL,,GER,HOL,BRB HOL
36,STATE_36,36,STATE_36,HOL,HOL,,GER,HOL,FRS HOL
37,STATE_37,37,STATE_37,DEN,DEN,,GER,DEN,DEN
38,STATE_38,918,Västerbotten,SWE,SWE,,,SMI SWE,SWE
39,STATE_39,39,(South Tyrol) Alto Adige,GER,ITA,,,GER ITA LBV,AUS ITA
40,Barnaul,40,Barnaul,RUS,SOV,,,ALT RUS,SIB SOV
42,STATE_42,42,STATE_42,GER,GER,,,GER PRE RHI,BAY GER RHI
44,STATE_44,44,STATE_44,ALB,ALB,ITA,,ALB,ALB
45,STATE_45,45,STATE_45,HUN,YUG,,HUN,SER YUG,SER VOJ YUG
47,STATE_47,47,Thessaly,GRE,GRE,,GER,GRE,GRE
48,STATE_48,48,STATE_48,BUL,BUL,BUL,,BUL,BUL
59,STATE_59,58,STATE_58,GER,GER,,,GER PRE SHL,GER HAN PRE
60,STATE_60,60,STATE_60,GER,GER,,,GER THU,GER PRE THU
63,STATE_63,63,STATE_63,GER,GER,,,GER KSH PRE,GER PRE
67,STATE_67,67,STATE_67,GER,GER,,,GER PRE SIL,GER POL PRE SIL
69,STATE_69,69,STATE_69,GER,CZE,GER,GER,CZE GER,CZE GER
70,STATE_70,70,STATE_70,HUN,CZE,HUN,SLO,SLO,CZE SLO
71,STATE_71,71,STATE_71,HUN,CZE,HUN,SLO,SLO,CZE SLO
72,STATE_72,72,STATE_72,CZE,CZE,POL,POL,CZE,CZE MRV POL
73,STATE_73,73,STATE_73,HUN,CZE,HUN,HUN,HUN SLO UKR,CZE HUN SLO UKR
74,STATE_74,74,STATE_74,GER,CZE,GER,GER,CZE GER,CZE GER MRV
75,STATE_75,75,STATE_75,CZE,CZE,GER,PBM,CZE,CZE MRV PBM
76,STATE_76,76,STATE_76,ROM,ROM,,HUN,ROM TRA,ROM TRA
77,STATE_77,77,STATE_77,ROM,ROM,,BUL,ROM,ROM
78,STATE_78,78,STATE_78,RUS,ROM,,SOV,MOL ROM,MOL ROM
80,STATE_80,80,STATE_80,RUS,ROM,,SOV,ROM UKR,BUK ROM UKR
82,STATE_82,82,STATE_82,HUN,ROM,,,ROM TRA,BNT ROM TRA
83,STATE_83,83,STATE_83,HUN,ROM,,,ROM TRA,ROM TRA
85,STATE_85,85,STATE_85,GER,DAN,,GER,DNZ GER KSH POL,DAN GER POL PRE
86,STATE_86,86,STATE_86,GER,POL,,GER,GER POL,POL
87,STATE_87,87,STATE_87,RUS,POL,,GER,POL,POL
88,STATE_88,88,STATE_88,RUS,POL,,GGO,POL,GAL POL
89,STATE_89,89,STATE_89,RUS,POL,,SOV,POL UKR,GAL POL UKR
90,STATE_90,90,Kielce,RUS,POL,,GGO,POL,POL
91,Lwow,91,Lwow,RUS,POL,,SOV,POL UKR,GAL POL UKR
92,STATE_92,92,STATE_92,RUS,POL,,GGO,POL,POL
93,STATE_93,93,STATE_93,RUS,POL,,SOV,POL UKR,POL UKR
94,STATE_94,94,STATE_94,RUS,POL,,SOV,BLR POL,BLR POL
95,STATE_95,95,STATE_95,RUS,POL,,SOV,BLR POL,BLR POL
96,STATE_96,96,STATE_96,RUS,POL,,SOV,BLR POL,BLR POL
97,STATE_97,97,STATE_97,RUS,POL,,SOV,BLR POL,POL
98,STATE_98,98,STATE_98,RUS,POL,,GER,POL,POL
99,STATE_99,99,STATE_99,DEN,DEN,,GER,DEN,DEN
101,STATE_101,101,STATE_101,DEN,DEN,,,DEN GRN,GRL
102,STATE_102,853,STATE_853,YUG,YUG,,ITA,SLV YUG,SLV YUG
103,STATE_103,103,Dalmatia,YUG,YUG,,CRO,CRO YUG,CRO YUG
104,STATE_104,104,STATE_104,YUG,YUG,,CRO,BOS YUG,BOS YUG
105,STATE_105,105,STATE_105,YUG,YUG,,MNT,MNT YUG,MNT YUG
106,STATE_106,106,STATE_106,YUG,YUG,,BUL,MAC YUG,MAC YUG
107,STATE_107,107,STATE_107,YUG,YUG,,SER,SER YUG,SER YUG
108,STATE_108,802,STATE_802,YUG,YUG,,SER,KOS SER YUG,SER YUG
109,STATE_109,109,Croatia,YUG,YUG,,CRO,CRO YUG,CRO YUG
110,STATE_110,110,STATE_110,NOR,NOR,,GER,NOR,NOR
111,Uusimaa,111,UUSIMA,RUS,FIN,RUS,,FIN,FIN
114,STATE_114,114,STATE_114,ITA,ITA,,,ITA SPM,ITA SRD
115,STATE_115,115,STATE_115,ITA,ITA,,,ITA TTS,ITA KTS
116,STATE_116,116,STATE_116,ITA,ENG,ITA,,ITA MLT,MLT
117,STATE_117,117,Campania,ITA,ITA,,,ITA TTS,ITA KTS
118,STATE_118,118,STATE_118,GER,ENG,GER,,,ADU SPR
119,STATE_119,119,STATE_119,IRE,ENG,,,ENG IRE NIR,ENG IRE NIR
137,STATE_137,137,STATE_137,RUS,SOV,,,CRI RUS,CRI SOV
142,STATE_142,142,STATE_142,NOR,NOR,,GER,NOR,NOR
143,STATE_143,143,STATE_143,NOR,NOR,,GER,NOR SMI,NOR
144,STATE_144,925,STATE_925,NOR,NOR,,GER,NOR SMI,NOR
145,STATE_145,145,ÅLAND,RUS,FIN,,,FIN,ALN FIN
146,STATE_146,146,KARJALA,RUS,FIN,RUS,SOV,FIN KAR,FIN KAR
147,STATE_147,147,SALLA,RUS,FIN,RUS,SOV,FIN KAR SMI,FIN KAR
148,STATE_148,148,LAPPI,RUS,FIN,RUS,,FIN SMI,FIN
149,Pohjanmaa,149,VAASA,RUS,FIN,RUS,,FIN,FIN
150,Savo,150,KUOPIO,RUS,FIN,RUS,,FIN,FIN
152,STATE_152,152,STATE_152,GER,AUS,GER,GER,AUS GER,AUS GER
153,STATE_153,153,STATE_153,GER,AUS,GER,GER,AUS GER,AUS GER
156,STATE_156,156,STATE_156,ITA,ITA,,,ITA TTS,ITA KTS
157,STATE_157,157,STATE_157,ITA,ITA,,,ITA PAP,ITA
158,STATE_158,158,STATE_158,ITA,ITA,,,ITA SPM,ITA SRD
159,STATE_159,159,STATE_159,ITA,ITA,,,ITA LBV,ITA VEC
160,STATE_160,160,STATE_160,ITA,ITA,,,ITA LBV,ITA VEC
161,STATE_161,161,STATE_161,ITA,ITA,,,ITA PAP,ITA
162,STATE_162,162,STATE_162,ITA,ITA,,,ITA TOS,ITA TUS
164,STATE_164,164,STATE_164,ITA,ITA,ITA,,GRE ITA,GRE
169,STATE_169,169,STATE_169,SPR,SPR,,,SPR,ADU SPR
173,STATE_173,173,STATE_173,SPR,SPR,,,SPR,ADU SPR
182,STATE_182,182,STATE_182,GRE,GRE,,GER,GRE,CRT GRE
183,STATE_183,183,STATE_183,GRE,ENG,GRE,,CYP GRE,CYP
184,STATE_184,184,STATE_184,GRE,GRE,,BUL,GRE,GRE THR
185,STATE_185,185,STATE_185,GRE,GRE,,ITA,GRE,GRE
186,STATE_186,186,STATE_186,GRE,GRE,,ITA,GRE,GRE
187,STATE_187,187,STATE_187,GRE,GRE,,ITA,GRE,GRE
188,STATE_188,188,STATE_188,GER,LIT,GER,GER,GER LIT,GER LIT
189,STATE_189,189,STATE_189,RUS,LIT,,SOV,LIT,LIT
190,STATE_190,190,STATE_190,RUS,LAT,,SOV,LAT,COU LAT
191,STATE_191,191,STATE_191,RUS,EST,,SOV,EST,EST LIV
192,STATE_192,192,STATE_192,RUS,SOV,,,RUS UKR,SOV UKR
193,STATE_193,193,Chernihiv,RUS,SOV,,,RUS UKR,SOV UKR
194,Mozyr,194,Mozyr,RUS,SOV,,,BLR RUS,BLR SOV
195,STATE_195,195,STATE_195,RUS,SOV,,,RUS,NOV SOV
196,STATE_196,196,STATE_196,RUS,SOV,,,CRI RUS UKR,SOV UKR
197,STATE_197,197,STATE_197,RUS,SOV,,,RUS UKR,SOV UKR
198,STATE_198,198,STATE_198,RUS,SOV,,,RUS UKR,SOV UKR
199,STATE_199,199,STATE_199,RUS,SOV,,,RUS UKR,SOV UKR
200,Zaporozhe,200,Zaporozhe,RUS,SOV,,,RUS UKR,SOV UKR
201,STATE_201,201,STATE_201,RUS,SOV,,,RUS UKR,SOV UKR
202,STATE_202,202,STATE_202,RUS,SOV,,,RUS UKR,SOV UKR
203,STATE_203,203,STATE_203,RUS,SOV,,,RUS UKR,SOV UKR
204,STATE_204,204,Bobruysk,RUS,SOV,,,BLR RUS,BLR SOV
205,Kaluga,205,Kaluga,RUS,SOV,,,RUS,MUS SOV
206,STATE_206,206,STATE_206,RUS,SOV,,,BLR RUS,BLR SOV
207,STATE_207,207,STATE_207,RUS,SOV,,,BLR RUS,BLR SOV
208,STATE_208,208,Luga,RUS,SOV,,,RUS,SOV
209,STATE_209,209,Pskov,RUS,SOV,,,RUS,SOV
210,Nevel,210,Nevel,RUS,SOV,,,RUS,MUS SOV
211,STATE_211,211,STATE_211,BUL,BUL,BUL,,BUL,BUL
212,STATE_212,212,STATE_212,BUL,BUL,BUL,,BUL,BUL
213,STATE_213,213,STATE_213,RUS,SOV,,,RUS SMI,SOV
215,STATE_215,215,STATE_215,RUS,SOV,,,KAR RUS,KAR SOV
216,STATE_216,216,STATE_216,RUS,SOV,,,KAR RUS,KAR SOV
217,STATE_217,217,STATE_217,RUS,SOV,,,RUS,SOV
218,STATE_218,218,STATE_218,RUS,SOV,,,RUS,DON SOV
219,STATE_219,219,STATE_219,RUS,SOV,,,RUS,MUS SOV
220,STATE_220,220,STATE_220,RUS,SOV,,,RUS,SOV
221,STATE_221,221,STATE_221,RUS,SOV,,,RUS UKR,SOV UKR
222,STATE_222,222,STATE_222,RUS,SOV,,,RUS,SOV
223,STATE_223,223,STATE_223,RUS,SOV,,,RUS,MUS SOV
224,STATE_224,224,STATE_224,RUS,SOV,,,RUS,MUS SOV
225,STATE_225,225,Sumy,RUS,SOV,,,RUS UKR,SOV UKR
226,STATE_226,226,Dnipropertovsk,RUS,SOV,,,RUS UKR,SOV UKR
227,STATE_227,227,STATE_227,RUS,SOV,,,RUS UKR,SOV UKR
228,Voroshilovgrad,228,Voroshilovgrad,RUS,SOV,,,RUS UKR,SOV UKR
229,STATE_229,229,STATE_229,RUS,SOV,,,AZR RUS,AZR SOV
230,STATE_230,230,STATE_230,RUS,SOV,,,ARM RUS,ARM SOV
231,STATE_231,231,STATE_231,RUS,SOV,,,GEO RUS,GEO SOV
232,STATE_232,232,Dagestan,RUS,SOV,,,DAG RUS,CHE SOV
233,STATE_233,233,STATE_233,RUS,SOV,,,RUS,CIR KUB SOV
234,STATE_234,234,STATE_234,RUS,SOV,,,RUS,KUB SOV
235,STATE_235,235,STATE_235,RUS,SOV,,,RUS,KLY SOV
236,STATE_236,236,STATE_236,RUS,SOV,,,RUS,SOV
237,STATE_237,237,STATE_237,RUS,SOV,,,KAL RUS,KLY SOV
238,STATE_238,238,STATE_238,RUS,SOV,,,RUS,DON SOV
239,STATE_239,239,STATE_239,RUS,SOV,,,RUS,SOV
240,Belgorod,240,Belgorod,RUS,SOV,,,RUS,SOV
241,Gomel,241,Gomel,RUS,SOV,,,BLR RUS,BLR SOV
243,STATE_243,243,STATE_243,RUS,SOV,,,RUS,MUS SOV
244,STATE_244,244,Volkhov,RUS,SOV,,,RUS,SOV
245,STATE_245,245,Millerovo,RUS,SOV,,,RUS,DON SOV
246,STATE_246,246,STATE_246,RUS,SOV,,,RUS,MUS SOV
247,STATE_247,247,STATE_247,RUS,SOV,,,RUS,MUS SOV
248,STATE_248,248,STATE_248,RUS,SOV,,,RUS,MUS SOV
249,STATE_249,249,STATE_249,RUS,SOV,,,RUS TAT,IDL SOV
250,STATE_250,250,STATE_250,RUS,SOV,,,RUS,IDL SOV
251,STATE_251,251,STATE_251,RUS,SOV,,,RUS,IDL SOV
252,STATE_252,252,STATE_252,RUS,SOV,,,RUS,SOV
253,STATE_253,253,STATE_253,RUS,SOV,,,RUS,MUS SOV
254,STATE_254,254,STATE_254,RUS,SOV,,,RUS,MUS SOV
255,STATE_255,255,STATE_255,RUS,SOV,,,RUS,SOV
256,STATE_256,833,STATE_833,RUS,SOV,,,MEL RUS,SOV
257,Tambov,257,Tambov,RUS,SOV,,,RUS,SOV
258,STATE_258,258,STATE_258,RUS,SOV,,,RUS,SOV
259,STATE_259,259,Poltava,RUS,SOV,,,RUS UKR,SOV UKR
260,Voronezh,260,Voronezh,RUS,SOV,,,RUS,SOV
263,STATE_263,263,STATE_263,RUS,SOV,,,RUS,SOV
264,STATE_264,264,STATE_264,RUS,SOV,,,RUS,SOV
265,STATE_265,265,STATE_265,RUS,SOV,,,RUS,DON SOV
268,STATE_268,268,STATE_268,SOM,FRA,SOM,,AFA DJI SOM,DJI
269,STATE_269,269,STATE_269,SOM,ENG,SOM,,SOM,SMA SOM
271,STATE_271,271,STATE_271,ETH,ETH,ITA,ITA,ETH ORO,ETH
272,STATE_272,272,STATE_272,AOC,FRA,AOC,,SEN,SEN
273,STATE_273,273,Libyan Desert,LBA,ITA,LBA,,LBA,LBA
274,STATE_274,274,STATE_274,DWA,ENG,DWA,,GHA,GHA
275,STATE_275,275,Transvaal,SAF,SAF,,,SAF,SAF TRV
283,STATE_283,1045,STATE_1045,XIC,NSI,XIC,,XIC,CHI NSI PRC XSM
286,STATE_286,1088,STATE_1088,DAS,FRA,DAS,,VIN,COC VIN
287,STATE_287,287,STATE_287,SIK,SIK,,,SIK,CHI PRC SIK TUG
288,STATE_288,288,STATE_288,BRM,RAJ,,,BRM,BRM
291,STATE_291,1011,STATE_1011,IRQ,IRQ,,ENG,IRQ,IRQ
292,STATE_292,854,STATE_854,SAU,SAU,,,SAU,JBS SAU
297,Malabo,297,Equatorial Guinea,DWA,SPR,,,EQG,EQG
310,STATE_310,310,STATE_310,USA,FRA,USA,,CAY,CAY
320,STATE_320,320,STATE_320,DRV,FRA,DRV,,IND,RAJ
321,STATE_321,321,STATE_321,POR,POR,,,IND,RAJ
325,STATE_325,325,STATE_325,YUN,YUN,,,YUN,CHI PRC YUN
326,STATE_326,326,STATE_326,GER,ENG,,,,CHI HKG PRC
328,STATE_328,328,Kirin,MAN,MAN,MAN,,MAN,CHI MAN PRC
329,STATE_329,329,STATE_329,RUS,TAN,,,RUS TAN,SIB SOV TAN
331,STATE_331,331,STATE_331,ENG,ENG,,,CAN,CAN NFL
332,STATE_332,332,STATE_332,ENG,ENG,,,CAN,CAN NFL
333,STATE_333,333,STATE_333,DAS,MAL,DAS,,MAL SAR,MAL SRW
334,STATE_334,1077,STATE_1077,INS,INS,,,GOW,INS SUU
335,STATE_335,335,Java,INS,INS,,,INS,INS MTR
336,STATE_336,1085,STATE_1085,DAS,MAL,DAS,,MAL,MAL
340,STATE_340,1055,STATE_1055,STC,TUR,STC,,TUR,TUR
341,STATE_341,797,STATE_797,STC,TUR,STC,,TUR,TUR
350,STATE_350,1060,STATE_1060,IRQ,TUR,IRQ,,KUR,KUR TUR
351,STATE_351,351,Vologda,RUS,SOV,,,RUS,SOV
352,STATE_352,352,STATE_352,KUR,TUR,,,,KUR TUR
353,STATE_353,800,Van,ARM,TUR,,,ARM KUR TUR,KUR TUR
354,STATE_354,354,STATE_354,ARM,TUR,,,ARM TUR,PON TUR
355,STATE_355,355,STATE_355,TUR,TUR,,,TUR,PON TUR
357,STATE_357,357,STATE_357,USA,USA,,,USA,NEE USA
371,STATE_371,371,STATE_371,USA,USA,,,USA,LOU USA
375,STATE_375,375,STATE_375,USA,USA,,,USA,TEX USA
378,STATE_378,378,STATE_378,USA,USA,,,USA,CAL USA
384,STATE_384,384,STATE_384,USA,USA,,,USA,SIX USA
397,STATE_397,397,STATE_397,RUS,SOV,,,KOM RUS,KOM SOV
398,STATE_398,398,STATE_398,RUS,SOV,,,RUS,KOM SOV
399,STATE_399,399,STATE_399,RUS,SOV,,,RUS UDM,KOM SOV
400,STATE_400,400,STATE_400,RUS,SOV,,,RUS,SOV
401,STATE_401,401,Balakovo,RUS,SOV,,,RUS,SOV
402,STATE_402,402,STATE_402,RUS,SOV,,,KAZ RUS,KAZ SOV
403,Tyumen,403,Tyumen,RUS,SOV,,,RUS,SIB SOV
404,STATE_404,881,Karagandy,RUS,SOV,,,KAZ RUS,KAZ SOV
405,STATE_405,405,Tashkent,RUS,SOV,,,RUS UZB,KOK SOV UZB
406,STATE_406,406,Gurev,RUS,SOV,,,KAZ RUS,KAZ SOV
407,STATE_407,407,STATE_407,RUS,SOV,,,KAZ RUS,KAZ SOV
408,STATE_408,408,STATE_408,RUS,SOV,,,FER RUS VLA,FER RUS SIB SOV
409,STATE_409,409,STATE_409,RUS,SOV,,,FER RUS VLA,FER SIB SOV
410,STATE_410,410,STATE_410,PER,PER,,,BLC PER,BAL PER
419,STATE_419,1000,STATE_1000,PER,PER,,,AZR KUR PER,AZR PER
423,Madurai,423,STATE_423,DRV,RAJ,DRV,,DRV,
424,Madras,424,Madras,DRV,RAJ,DRV,,DRV,
425,Mysore,425,Mysore,DRV,RAJ,DRV,,DRV MYS,
426,Orissa,426,Orissa,IND,RAJ,,,,
427,STATE_427,427,STATE_427,HYD,RAJ,,,HYD,HYD RAJ
428,STATE_428,428,STATE_428,IND,RAJ,,,WIS,
429,STATE_429,429,Bombay,MRA,RAJ,MRA,,IND MRA,
430,STATE_430,430,STATE_430,BAN,RAJ,BAN,,BAN IND PAK,BAN PAK RAJ
431,STATE_431,431,STATE_431,BAN,RAJ,,,BAN IND,
432,STATE_432,990,STATE_990,BAN,RAJ,,,MPU,
433,STATE_433,433,STATE_433,IND,RAJ,,,RJP,
434,STATE_434,434,STATE_434,TIB,TIB,,,IND TIB,RAJ TIB
435,STATE_435,435,STATE_435,IND,RAJ,,,,
436,Jabalpur,436,"Central provinces, was Jabalpur",IND,RAJ,,,,
437,Indore,437,STATE_437,IND,RAJ,,,CIP,
438,STATE_438,438,STATE_438,IND,RAJ,,,,
439,STATE_439,439,STATE_439,IND,RAJ,,,IND,RAJ
440,STATE_440,440,STATE_440,PAK,RAJ,PAK,,KHL PAK,PAK PUN
441,STATE_441,441,STATE_441,KAS,RAJ,,,KAS KHL,KSH RAJ
442,STATE_442,987,manpower = 217974,AFG,RAJ,AFG,,KHL NWF PAK,AFG PAK
443,STATE_443,443,Sind,PAK,RAJ,PAK,,IND PAK SIN,PAK SIN
444,STATE_444,444,STATE_444,KLT,RAJ,KLT,,BLC PAK,BAL PAK
445,STATE_445,445,STATE_445,PAK,RAJ,PAK,,KHL PAK,BAL PAK
446,STATE_446,907,STATE_907,EGY,EGY,EGY,,EGY,EGY
447,STATE_447,447,STATE_447,EGY,EGY,EGY,,EGY,EGY
448,STATE_448,448,STATE_448,LBA,ITA,LBA,,LBA,LBA
449,STATE_449,449,El Agheila,LBA,ITA,LBA,,LBA,LBA
450,STATE_450,450,STATE_450,LBA,ITA,LBA,,LBA,LBA
451,STATE_451,451,STATE_451,LBA,ITA,LBA,,LBA,LBA
452,STATE_452,452,STATE_452,EGY,EGY,EGY,,EGY,EGY
453,STATE_453,453,STATE_453,EGY,EGY,EGY,,EGY,EGY
454,STATE_454,454,Palestine,SYR,ENG,SYR,,ISR PAL,ISR PAL
455,STATE_455,455,STATE_455,SYR,ENG,SYR,,SYR,JOR
456,STATE_456,456,Aswan,EGY,EGY,EGY,,EGY,EGY
457,Arabian Desert,457,Arabian Desert,EGY,EGY,EGY,,EGY,EGY
458,STATE_458,458,STATE_458,TUN,FRA,TUN,,TUN,TUN
459,STATE_459,513,Tlmecen,ALG,FRA,ALG,,ALG,ALG
460,STATE_460,460,Constantine,ALG,FRA,ALG,,ALG,ALG
461,STATE_461,461,STATE_461,MOR,FRA,MOR,,MOR,MOR
462,STATE_462,462,STATE_462,MOR,FRA,MOR,,MOR,MOR
463,STATE_463,463,STATE_463,USA,USA,,,,ALA
475,STATE_475,475,STATE_475,MEX,MEX,,,MEX,CHP MEX
479,STATE_479,479,STATE_479,MEX,MEX,,,MEX RIG,MEX
480,STATE_480,480,STATE_480,MEX,MEX,,,MEX RIG,MEX RIO
483,STATE_483,483,STATE_483,MEX,MEX,,,MEX,MEX SON
484,STATE_484,484,STATE_484,MEX,MEX,,,MEX,MEX SON
490,STATE_490,490,STATE_490,ECU,PRU,,,ECU PRU,PRU
512,STATE_512,954,STATE_954,ARG,ARG,,,ARG WLA,ARG
513,STATE_513,513,Tlmecen,ALG,FRA,ALG,,ALG,ALG
514,STATE_514,514,Algerian Desert,ALG,FRA,ALG,,ALG,ALG
515,STATE_515,515,STATE_515,AOC,FRA,AOC,,NGR,NGR
522,STATE_522,522,STATE_522,AST,AST,,,AST,AST WSR
524,STATE_524,524,STATE_524,FOR,JAP,FOR,,FOR,CHI FOR PRC
525,STATE_525,525,STATE_525,KOR,JAP,KOR,,KOR,KOR
526,STATE_526,526,STATE_526,JAP,JAP,,,JAP OKN,JAP RYU
527,STATE_527,527,STATE_527,KOR,JAP,KOR,,KOR,KOR
536,STATE_536,536,STATE_536,JAP,JAP,,,ANU EZO JAP,JAP
537,STATE_537,537,STATE_537,RUS,JAP,,,ANU JAP,JAP
539,STATE_539,539,STATE_539,DWA,FRA,DWA,,GAB,GAB
541,STATE_541,893,STATE_893,DSW,SAF,DSW,,NMB SAF,NMB
542,STATE_542,542,STATE_542,BOT,ENG,BOT,,BOT,BOT
543,STATE_543,543,STATE_543,GER,FRA,GER,,MAD,MAD
545,STATE_545,545,STATE_545,FRN,ENG,FRN,,ZIM,ZIM
546,STATE_546,546,STATE_546,DOA,ENG,DOA,,TZN,TZN
547,STATE_547,904,STATE_904,DOA,ENG,DOA,,KEN,KEN
548,STATE_548,548,STATE_548,DOA,ENG,DOA,,UGA,UGA
549,STATE_549,549,"Kurdufan / was ""Sudan""",EGY,ENG,EGY,,SUD,SUD
550,STATE_550,550,STATE_550,ERI,ITA,ERI,ENG,ERI,ERI
551,STATE_551,551,STATE_551,EGY,ENG,EGY,,SUD,SUD
552,STATE_552,552,STATE_552,EGY,EGY,EGY,,EGY,EGY
553,STATE_553,553,STATE_553,SYR,FRA,SYR,,LEB,LEB
554,STATE_554,554,STATE_554,SYR,FRA,,,SYR,SYR
555,Kuril Islands,555,Kuril Islands,RUS,JAP,,,ANU JAP,
556,Mali (previously French West Africa),556,STATE_556,AOC,FRA,AOC,,MLI,MLI
557,Mauritania,557,Mauritania,AOC,FRA,AOC,,MRT,MRT
558,STATE_558,902,STATE_902,DWA,ENG,DWA,,NGA SOK,NGA SOK
559,STATE_559,559,STATE_559,SOM,ITA,SOM,ENG,SOM,SOM
560,STATE_560,560,Nikolayevsk,RUS,SOV,,,FER RUS,FER SIB SOV
561,STATE_561,561,Amur,RUS,SOV,,,FER RUS,FER SIB SOV
562,Okhotsk,562,Okhotsk,RUS,SOV,,,FER RUS,FER SIB SOV
563,STATE_563,563,Chita,RUS,SOV,,,FER RUS,FER SIB SOV
564,Ulan Ude,564,Ulan Ude,RUS,SOV,,,BYA RUS,BRY FER SIB SOV
565,Bodaybo,565,Bodaybo,RUS,SOV,,,EVE RUS,BRY FER SIB SOV
566,Irktusk,566,Irktusk,RUS,SOV,,,RUS,SIB SOV
567,STATE_567,567,Bratsk,RUS,SOV,,,RUS,SIB SOV
568,Krasnoyarsk,568,Krasnoyarsk,RUS,SOV,,,RUS,SIB SOV
569,Kemerovo,569,Khakassia,RUS,SOV,,,KHA RUS,SIB SOV
570,Novosibirsk,570,Novosibirsk,RUS,SOV,,,RUS,SIB SOV
571,Omsk,571,Omsk,RUS,SOV,,,RUS,SIB SOV
572,Chelyabinsk,572,Chelyabinsk,RUS,SOV,,,RUS,SIB SOV
573,Zlatoust,573,Zlatoust,RUS,SOV,,,RUS,IDL SOV
574,STATE_574,574,Yakutsk,RUS,SOV,,,RUS YAK,SIB SOV YAK
575,Kirensk,575,Kirensk,RUS,SOV,,,EVE RUS,SIB SOV
576,Yeniseisk,576,Yeniseisk,RUS,SOV,,,EVE RUS,SIB SOV
577,STATE_577,577,STATE_577,RUS,SOV,,,OVO RUS,SIB SOV
578,Tomsk,578,Tomsk,RUS,SOV,,,RUS,SIB SOV
579,Salekhard,579,Salekhard,RUS,SOV,,,RUS YAM,SIB SOV
580,Tobolsk,580,Tobolsk,RUS,SOV,,,OVO RUS,SIB SOV
581,STATE_581,581,STATE_581,RUS,SOV,,,KOM RUS,KOM SOV
582,STATE_582,582,STATE_582,RUS,SOV,,,RUS,IDL SOV
583,STATE_583,583,STATE_583,RUS,SOV,,,KAZ RUS,KAZ SOV
584,STATE_584,584,STATE_584,RUS,SOV,,,RUS TMS,SOV TMS
585,STATE_585,585,Navoiy,RUS,SOV,,,RUS UZB,SOV UZB
586,STATE_586,586,STATE_586,RUS,SOV,,,KAZ RUS,KAZ SOV
587,STATE_587,587,STATE_587,RUS,SOV,,,KAZ RUS,KAZ SOV
588,STATE_588,882,Pavlodar,RUS,SOV,,,KAZ RUS,KAZ SOV
589,STATE_589,589,STATE_589,RUS,SOV,,,KAZ RUS,KAZ SOV
590,Akmolinsk,590,Akmolinsk,RUS,SOV,,,KAZ RUS,KAZ SOV
591,STATE_591,591,STATE_591,GXC,CHI,JAP,JAP,GDC GXC,CHI GXC PRC
592,STATE_592,592,STATE_592,GXC,CHI,,,GDC GXC,CHI GXC PRC
593,STATE_593,593,STATE_593,GXC,CHI,,,GDC GXC,CHI GXC PRC
594,STATE_594,1033,STATE_1033,GXC,CHI,,,GDC GXC,CHI GXC PRC
595,STATE_595,595,STATE_595,KMT,CHI,,,KMT,CHI PRC
596,STATE_596,596,STATE_596,KMT,CHI,,,KMT,CHI PRC
598,STATE_598,598,STATE_598,BYG,CHI,BYG,,BYG,CHI PRC
599,STATE_599,594,STATE_594,GXC,GXC,,,GXC,CHI GXC PRC
600,STATE_600,600,STATE_600,KMT,CHI,,,KMT,CHI PRC
601,STATE_601,601,STATE_601,TIB,TIB,,,TIB,CHI HSI PRC TIB
602,STATE_602,602,STATE_602,KMT,CHI,,,KMT,CHI PRC
603,STATE_603,603,STATE_603,GUI,CHI,GUI,,GUI,CHI PRC
604,STATE_604,604,STATE_604,XSM,XSM,,,XSM,CHI PRC XSM
606,STATE_606,606,STATE_606,BYG,CHI,BYG,,BYG,CHI PRC
607,STATE_607,607,STATE_607,BYG,CHI,BYG,,BYG,CHI PRC
608,STATE_608,608,STATE_608,BYG,CHI,BYG,,BYG,CHI PGR PRC
609,STATE_609,609,East Hebei,BYG,JAP,BYG,,BYG HBC,CHI PGR PRC
610,STATE_610,610,Jehol,BYG,MAN,BYG,,BYG MAN,CHI MAN PRC
611,STATE_611,611,South Chahar,MON,MEN,MON,,HBC MEN MON,CHI MEN PRC
612,STATE_612,612,STATE_612,MON,JAP,MON,MEN,HBC MEN MON,CHI MEN PRC
613,STATE_613,613,Shanghai,KMT,CHI,JAP,,KMT,CHI PRC
614,Hebei,614,Hebei,BYG,CHI,BYG,,BYG,CHI PRC
615,STATE_615,615,STATE_615,SHX,SHX,JAP,JAP,SHX,CHI PRC SHX
616,STATE_616,1040,STATE_1040,XSM,NSI,,,XSM,CHI NSI PRC XSM
617,STATE_617,617,STATE_617,SIK,SIK,,,SIK,CHI PRC SIK
618,STATE_618,618,Dzungaria,ETR,SIK,ETR,,ETR SIK,CHI PRC SIK
619,STATE_619,619,Yarkand,SIK,SIK,,,SIK,CHI PRC SIK TUG
620,STATE_620,620,STATE_620,BYG,CHI,BYG,,BYG,CHI PRC
621,STATE_621,621,STATE_621,MON,SHX,MON,MEN,MEN MON SHX,CHI PRC SHX
622,STATE_622,622,STATE_622,XIC,PRC,XIC,,XIC,CHI PRC
626,STATE_626,626,STATE_626,PHI,PHI,,,PHI,PHI SUU
633,STATE_633,633,STATE_633,DAS,JAP,,,FSM,FSM
634,STATE_634,634,STATE_634,DAS,ENG,,,SOL,SOL
635,STATE_635,635,STATE_635,AST,FRA,AST,,TAH,TAH
636,STATE_636,636,STATE_636,AST,ENG,,,FIJ,FIJ
637,STATE_637,637,Kamchatka,RUS,SOV,,,FER RUS,FER SIB SOV
639,STATE_639,639,STATE_639,DAS,ENG,,,FIJ,KIR
640,STATE_640,998,STATE_998,BRM,RAJ,,,BRM,BRM
641,STATE_641,641,STATE_641,AST,FRA,AST,,TAH,TAH
642,STATE_642,642,STATE_642,USA,USA,,,HAW,KIR
643,STATE_643,643,STATE_643,DAS,ENG,,,FIJ,KIR
644,STATE_644,644,Kolyma,RUS,SOV,,,RUS YAK,SIB SOV YAK
646,STATE_646,646,STATE_646,DAS,JAP,,,GUM JAP,GUM JAP
647,STATE_647,647,STATE_647,DAS,JAP,,,FSM PLU,PLU
648,STATE_648,648,STATE_648,JAP,JAP,,,JAP,GUM
650,STATE_650,650,STATE_650,USA,USA,,,,ALA
651,Ufa,651,Ufa,RUS,SOV,,,BSK RUS,IDL SOV
652,STATE_652,652,STATE_652,RUS,SOV,,,RUS,IDL SOV
654,Gorno-Altaysk,654,Gorno-Altaysk,RUS,SOV,,,ALT RUS,SIB SOV
655,STATE_655,655,STATE_655,RUS,SOV,,,ANU FER RUS,FER SOV
657,Birobidzhan,657,Birobidzhan,RUS,SOV,,,FER RUS,FER SIB SOV
658,STATE_658,658,STATE_658,UAE,ENG,,,UAE,UAE
659,STATE_659,659,STATE_659,YEM,ENG,,,FSA YEM,SYE YEM
660,STATE_660,660,STATE_660,DWA,FRA,DWA,,CAR,CAR
661,STATE_661,661,STATE_661,LBA,ITA,LBA,,LBA,LBA
662,STATE_662,662,STATE_662,LBA,ITA,LBA,,LBA,LBA
663,STATE_663,663,STATE_663,LBA,ITA,LBA,,LBA,LBA
664,STATE_664,664,STATE_664,HUN,CZE,HUN,HUN,HUN SLO,CZE HUN SLO
665,STATE_665,665,STATE_665,TUN,FRA,TUN,,TUN,TUN
666,STATE_666,666,STATE_666,SWE,SWE,,,SMI SWE,SWE
667,STATE_667,667,STATE_667,INS,INS,,,INS,GEA INS
668,STATE_668,668,STATE_668,INS,INS,,,INS,GEA INS
669,STATE_669,1079,STATE_1079,INS,INS,,,PNG WPG,WPP
670,STATE_670,670,STATE_670,DAS,FRA,DAS,JAP,LAO,LAO
671,STATE_671,671,STATE_671,DAS,FRA,DAS,JAP,VIN,TON VIN
672,STATE_672,1070,STATE_1070,INS,INS,,,INS,INS PGY
673,STATE_673,673,STATE_673,INS,INS,,,INS,GEA INS SUL
674,STATE_674,1096,STATE_1096,AST,AST,,,AST,AST WSR
675,STATE_675,675,STATE_675,SAU,IRQ,,ENG,SAU,IRQ JBS
676,STATE_676,676,STATE_676,IRQ,IRQ,,ENG,ASY IRQ KUR,IRQ
677,STATE_677,677,STATE_677,SYR,FRA,,,SYR,SYR
679,STATE_679,856,STATE_856,SAU,SAU,,,SAU,HEJ SAU
680,STATE_680,680,STATE_680,SYR,FRA,,,KUR SYR,SYR
684,STATE_684,684,STATE_684,DAS,JAP,,,FSM,FSM
694,STATE_694,694,STATE_694,USA,FRA,USA,,GDL,GDL
699,STATE_699,699,STATE_699,MOR,SPR,,,WES,WES
700,STATE_700,700,STATE_700,ENG,ENG,ENG,,SIE,SIE
701,STATE_701,701,STATE_701,ENG,ENG,ENG,,GAM,GAM
702,STATE_702,702,STATE_702,POR,POR,,,CBV,
705,STATE_705,705,STATE_705,POR,POR,,,,SAO
706,STATE_706,706,STATE_706,GER,FRA,GER,,MAD,MAD
708,STATE_708,708,STATE_708,GER,FRA,GER,,MAD,MAD
711,STATE_711,711,STATE_711,ENG,MAL,,,,
713,STATE_713,713,STATE_713,GER,FRA,GER,,,
714,STATE_714,714,STATE_714,MAN,MAN,MAN,,MAN,CHI MAN PRC
715,STATE_715,715,STATE_715,BYG,MAN,BYG,,BYG MAN,CHI MAN PRC
716,STATE_716,716,STATE_716,MAN,MAN,MAN,,MAN,CHI MAN PRC
717,STATE_717,717,STATE_717,MAN,MAN,MAN,,MAN,CHI MAN PRC
718,STATE_718,890,STATE_890,BEL,BEL,,,COG,COG KVU
719,STATE_719,719,Natal,SAF,SAF,,,SAF,SAF TRV
720,STATE_720,720,STATE_720,ENG,ENG,,,,ARG
721,STATE_721,721,STATE_721,POR,POR,,,TML,ETM
722,STATE_722,722,PETSAMO,RUS,FIN,RUS,,FIN SMI,FIN
723,STATE_723,723,STATE_723,AST,NZL,AST,,AST NZL,NZL
725,STATE_725,725,STATE_725,DAS,AST,,,FIJ,NAU
726,STATE_726,726,STATE_726,DAS,NZL,,,SAM,SAM
727,STATE_727,727,STATE_727,USA,USA,,,HAW,KIR
728,STATE_728,728,STATE_728,GER,FRA,GER,,,CHI PRC
729,STATE_729,729,STATE_729,POR,POR,,,,CHI MCU PRC
730,STATE_730,730,STATE_730,ENG,FRA,ENG,,,
731,STATE_731,731,STATE_731,GRE,GRE,,GER,GRE,GRE
732,STATE_732,732,STATE_732,RUS,SOV,,,KYR RUS,KOK KYR SOV
733,STATE_733,733,STATE_733,ENG,RAJ,,,,RAJ
734,STATE_734,734,STATE_734,DAS,ENG,DAS,,TAH,SOL
735,STATE_735,1066,STATE_1066,ITA,FRA,ITA,,ITA,FRA SRD
736,STATE_736,852,Dalmatia,ITA,ITA,,,CRO ITA LBV YUG,CRO ITA YUG
737,STATE_737,737,STATE_737,DAS,AST,,,PNG,PNG
738,STATE_738,738,STATE_738,INS,INS,,,INS,GEA INS
741,STATE_741,741,STATE_741,DAS,FRA,DAS,,CAM,CAM
742,STATE_742,742,STATE_742,RUS,SOV,,,BUK RUS TAJ,SOV TAJ
743,STATE_743,743,STATE_743,GER,CHI,JAP,,SND,CHI PRC
744,STATE_744,744,STATE_744,XIC,NEA,XIC,CHI,XIC,CHI NEA PRC
745,STATE_745,745,STATE_745,RUS,JAP,,,MAN,CHI MAN PRC
746,STATE_746,746,STATE_746,XIC,SHX,XIC,JAP,MEN SHX XIC,CHI PRC SHX
747,STATE_747,747,STATE_747,YUN,YUN,,,YUN,CHI PRC YUN
749,STATE_749,749,STATE_749,KMT,CHI,JAP,,KMT,CHI PRC
750,STATE_750,750,STATE_750,KMT,CHI,,,KMT,CHI PRC
751,STATE_751,751,STATE_751,KMT,SZH,KMT,CHI,KMT SIC,CHI PRC SZH
754,STATE_754,754,STATE_754,XSM,XSM,,,XSM,CHI PRC XSM
755,STATE_755,755,STATE_755,XSM,XSM,,,XSM,CHI PRC XSM
756,STATE_756,1044,STATE_1044,XSM,XSM,,,XSM,CHI PRC XSM
759,STATE_759,1042,STATE_1042,SIK,TUG,,SIK,SIK,CHI PRC SIK TUG
760,STATE_760,760,STATE_760,SIK,SIK,,,KUM SIK,CHI PRC SIK
761,STATE_761,761,STATE_761,MAN,MAN,MAN,,MAN,CHI MAN PRC
762,STATE_762,762,STATE_762,GER,POL,,GER,GER POL SIL,POL SIL
763,STATE_763,763,STATE_763,GER,GER,,GER,GER PRE,GER PRE
764,STATE_764,764,STATE_764,HUN,YUG,HUN,GER,SER TRA YUG,BNT SER VOJ YUG
765,STATE_765,765,STATE_765,QAT,ENG,,,QAT,QAT
766,STATE_766,766,STATE_766,RUS,ROM,,SOV,MOL ROM UKR,MOL ROM UKR
767,STATE_767,767,North Darfur,EGY,ENG,EGY,,SUD,SUD
770,STATE_770,770,STATE_770,FRN,ENG,FRN,,MLW,MLW
771,Zambia,771,Zambia,FRN,ENG,FRN,,ZAM,ZAM
772,STATE_772,772,Middle Congo (Brazzaville),COG,FRA,COG,,RCG,RCG
773,Cameroon,773,Cameroon,DWA,FRA,DWA,,CMR,CMR
774,STATE_774,774,STATE_774,DWA,FRA,DWA,,CHA,CHA
775,BET - Borkou-Ennedi-Tibesti region,775,BET - Borkou-Ennedi-Tibesti region,DWA,FRA,DWA,,CHA,CHA
776,Benin/Dahomey,776,Benin/Dahomey,DWA,FRA,DWA,,DAH,DAH
777,STATE_777,777,STATE_777,DWA,FRA,DWA,,TOG,TOG
778,Upper Volta,778,Upper Volta,AOC,FRA,AOC,,VOL,VOL
779,Ivory Coast,779,Ivory Coast,AOC,FRA,AOC,,IVO,IVO
780,Guinea,780,Guinea,AOC,FRA,AOC,,GNA,GNA
781,STATE_781,781,Niger,AOC,FRA,AOC,,NGR SOK,NGR
782,Tombouctou,782,Tombouctou,AOC,FRA,AOC,,MLI,MLI
783,Sidi Ifni,783,Sidi Ifni,MOR,SPR,MOR,,MOR,MOR
784,STATE_784,784,STATE_784,RUS,POL,,SOV,LIT POL,LIT POL
785,STATE_785,785,STATE_785,FRA,FRA,,GER,FRA,FRA
786,STATE_786,786,Mauritanian Desert,AOC,FRA,AOC,,MRT,MRT
787,STATE_787,787,Northern Kashmir,KAS,RAJ,KAS,,KAS KHL PAK,KSH PAK RAJ
788,STATE_788,51,STATE_51,GER,GER,,,GER PRE RHI,GER HAN PRE RHI
789,STATE_789,42,STATE_42,GER,GER,,,GER PRE RHI,GER RHI SAR
791,STATE_791,55,STATE_55,GER,GER,,,GER HES PRE,BDN GER
797,STATE_797,63,STATE_63,GER,GER,,,GER KSH PRE,GER PRE
799,STATE_799,50,Württemberg,GER,GER,,,GER WUR,BDN GER
803,STATE_803,67,STATE_67,GER,GER,,,GER PRE SIL,GER POL PRE SIL
805,STATE_805,910,STATE_910,DEN,DEN,,GER,DEN,DEN
806,STATE_806,153,STATE_153,GER,AUS,GER,GER,AUS GER,AUS GER
807,STATE_807,4,STATE_4,GER,AUS,GER,GER,AUS GER,AUS GER
810,STATE_810,975,STATE_975,HUN,AUS,GER,GER,AUS GER HUN,AUS GER
812,STATE_812,1047,STATE_1047,GER,BEL,,GER,BEL GER,BEL RHI WLL
814,STATE_814,1048,Moselgebiet,GER,FRA,GER,GER,GER,BGN FRA
815,STATE_815,18,STATE_18,FRA,FRA,,GER,FRA,FRA
816,STATE_816,849,STATE_849,ITA,ITA,,,ITA TTS,ITA KTS
817,STATE_817,18,STATE_18,FRA,FRA,,GER,FRA,BGN FRA
818,STATE_818,1065,STATE_1065,FRA,FRA,,GER,FRA,FRA NRM
819,STATE_819,24,STATE_24,FRA,FRA,,GER,FRA,FRA
820,STATE_820,31,STATE_31,FRA,FRA,,,FRA OCC,CAT FRA OCC
826,STATE_826,1014,STATE_1014,BHR,LIE,,,BHR,LIE
830,STATE_830,79,STATE_79,ROM,ROM,,,ROM,BUK ROM
835,STATE_835,357,STATE_357,USA,USA,,,USA,NEE USA
836,STATE_836,357,STATE_357,USA,USA,,,USA,NEE USA
837,STATE_837,357,STATE_357,USA,USA,,,USA,NEE USA
838,STATE_838,357,STATE_357,USA,USA,,,USA,NEE USA
839,STATE_839,357,STATE_357,USA,USA,,,USA,NEE USA
840,STATE_840,357,STATE_357,USA,USA,,,USA,NEE USA
845,STATE_845,371,STATE_371,USA,USA,,,USA,LOU USA
850,STATE_850,375,STATE_375,USA,USA,,,USA,TEX USA
851,STATE_851,375,STATE_375,USA,USA,,,USA,TEX USA
852,STATE_852,375,STATE_375,USA,USA,,,USA,TEX USA
854,STATE_854,378,STATE_378,USA,USA,,,USA,CAL USA
855,STATE_855,378,STATE_378,USA,USA,,,USA,CAL USA
858,STATE_858,371,STATE_371,USA,USA,,,USA,LOU USA
863,STATE_863,88,STATE_88,RUS,POL,,GER,POL,GAL POL
865,STATE_865,807,STATE_807,GER,POL,,GER,GER KSH POL,POL
866,STATE_866,736,Name was Istria before the Pola (Istria) split and merge with Fiume,ITA,ITA,,,ITA LBV SLV YUG,ITA SLV YUG
867,STATE_867,850,Trentino,ITA,ITA,,,ITA LBV,ITA VEC
868,STATE_868,45,STATE_45,HUN,YUG,,HUN,SER YUG,SER VOJ YUG
869,STATE_869,109,Croatia,YUG,YUG,,CRO,CRO YUG,CRO VOJ YUG
870,STATE_870,803,STATE_803,YUG,YUG,,BUL,SER YUG,SER YUG
871,STATE_871,970,STATE_970,YUG,YUG,,ALB,MAC YUG,MAC YUG
872,STATE_872,108,STATE_108,YUG,YUG,,SER,SER YUG,SER YUG
877,STATE_877,799,STATE_799,SYR,FRA,TUR,TUR,SYR TUR,TUR
878,STATE_878,108,STATE_108,YUG,YUG,,,SER YUG,KOS SER YUG
879,STATE_879,814,STATE_814,RUS,LIT,,SOV,LIT,LIT
880,STATE_880,810,STATE_810,RUS,LAT,,SOV,LAT,LAT LIV
881,STATE_881,809,STATE_809,RUS,LAT,,SOV,LAT,COU LAT
882,STATE_882,811,STATE_811,RUS,EST,,SOV,EST,EST
886,STATE_886,972,STATE_972,GER,CZE,GER,GER,CZE GER,CZE GER
887,STATE_887,69,STATE_69,GER,CZE,GER,GER,CZE GER,CZE GER
888,STATE_888,972,STATE_972,GER,CZE,GER,GER,CZE GER,CZE GER MRV
889,STATE_889,70,STATE_70,HUN,CZE,HUN,SLO,SLO,CZE SLO
896,STATE_896,772,Middle Congo (Brazzaville),COG,FRA,COG,,RCG,RCG
897,STATE_897,914,STATE_914,NOR,FRA,,,NOR,GAB
898,STATE_898,774,STATE_774,DWA,FRA,DWA,,CHA,CHA
899,STATE_899,660,STATE_660,DWA,FRA,DWA,,CAR,CAR
901,STATE_901,900,STATE_900,DWA,ENG,DWA,,BIA NGA,NGA
903,STATE_903,1031,STATE_1031,KOR,JAP,KOR,,KOR,KOR
904,STATE_904,1031,STATE_1031,KOR,JAP,KOR,,KOR,KOR
905,STATE_905,1030,STATE_1030,KOR,JAP,KOR,,KOR,KOR
906,STATE_906,1029,STATE_1029,KOR,JAP,,,KOR,KOR
907,STATE_907,1029,STATE_1029,KOR,JAP,,,KOR,KOR
908,STATE_908,527,STATE_527,KOR,JAP,KOR,,KOR,KOR
909,STATE_909,1028,STATE_1028,KOR,JAP,KOR,,KOR,KOR
911,STATE_911,1031,STATE_1031,KOR,JAP,KOR,,KOR,KOR
918,STATE_918,979,STATE_979,DAS,AST,,,PNG,PNG
919,STATE_919,871,STATE_871,AST,AST,,,AST,AST WSR
920,STATE_920,870,STATE_870,AST,AST,,,AST,AST WSR
925,STATE_925,78,STATE_78,RUS,ROM,,SOV,MOL ROM,MOL ROM
926,STATE_926,202,STATE_202,RUS,SOV,,,RUS UKR,SOV UKR
928,STATE_928,215,STATE_215,RUS,SOV,,,KAR RUS,KAR SOV
929,STATE_929,215,STATE_215,RUS,SOV,,,KAR RUS,KAR SOV
931,STATE_931,232,Dagestan,RUS,SOV,,,DAG RUS,DAG SOV
932,STATE_932,232,Dagestan,RUS,SOV,,,DAG RUS,DAG SOV
933,STATE_933,95,STATE_95,RUS,POL,,SOV,BLR POL,BLR POL
934,STATE_934,102,STATE_102,YUG,YUG,,GER,SLV YUG,SLV YUG
935,STATE_935,102,STATE_102,YUG,YUG,,GER,SLV YUG,SLV YUG
936,STATE_936,1049,Prekmurje,HUN,YUG,HUN,HUN,HUN,SLV YUG
937,STATE_937,109,Croatia,YUG,YUG,,CRO,CRO YUG,CRO YUG
938,STATE_938,940,STATE_940,BRA,YUG,,CRO,BRA,BOS CRO HRZ YUG
939,STATE_939,103,Dalmatia,YUG,YUG,,CRO,CRO YUG,CRO YUG
940,STATE_940,105,STATE_105,YUG,YUG,,ITA,MNT YUG,MNT YUG
941,STATE_941,802,STATE_802,YUG,YUG,,SER,KOS SER YUG,KOS SER YUG
942,STATE_942,801,STATE_801,BUL,BUL,BUL,,BUL,BUL
943,STATE_943,211,STATE_211,BUL,BUL,BUL,,BUL,BUL
945,STATE_945,1010,STATE_1010,IRQ,IRQ,,ENG,IRQ,IRQ
946,STATE_946,1011,STATE_1011,IRQ,IRQ,,ENG,IRQ,IRQ
947,STATE_947,1051,STATE_1051,SAU,ENG,SAU,,SAU,JBS JOR
950,STATE_950,1055,STATE_1055,STC,TUR,STC,,TUR,TUR
952,STATE_952,183,STATE_183,GRE,ENG,GRE,,CYP GRE,CYP
955,STATE_955,355,STATE_355,TUR,TUR,,,TUR,PON TUR
959,STATE_959,353,STATE_353,KUR,TUR,,,KUR TUR,KUR TUR
960,STATE_960,352,STATE_352,KUR,TUR,,,,KUR TUR
961,STATE_961,1059,STATE_1059,SYR,TUR,SYR,,SYR,TUR
970,STATE_970,409,STATE_409,RUS,SOV,,,FER RUS VLA,FER SIB SOV
971,STATE_971,526,STATE_526,JAP,JAP,,,JAP OKN,CHI JAP PRC
972,STATE_972,686,STATE_686,USA,USA,,,PUE,
974,STATE_974,967,STATE_967,BRA,ENG,,,BRA,ENG
975,STATE_975,187,STATE_187,GRE,GRE,,GER,GRE,GRE
976,STATE_976,185,STATE_185,GRE,GRE,,ITA,GRE,GRE
977,STATE_977,185,STATE_185,GRE,GRE,,ITA,GRE,GRE
978,STATE_978,47,Thessaly,GRE,GRE,,ITA,GRE,GRE
980,STATE_980,1021,STATE_1021,DAS,MAL,DAS,,MAL SNG,SNG
981,STATE_981,1083,STATE_1083,DAS,MAL,DAS,,MAL,MAL
982,STATE_982,1023,STATE_1023,DAS,MAL,DAS,,BRN MAL,BRU
986,STATE_986,160,STATE_160,ITA,ITA,,,ITA LBV,ITA VEC
987,STATE_987,159,STATE_159,ITA,ITA,,,ITA LBV,ITA VEC
988,STATE_988,158,STATE_158,ITA,ITA,,,ITA SPM,ITA SRD
989,STATE_989,158,STATE_158,ITA,ITA,,,ITA SPM,ITA SRD
990,STATE_990,2,Latium,ITA,ITA,,,ITA PAP,ITA
991,STATE_991,117,Campania,ITA,ITA,,,ITA TTS,ITA KTS
992,STATE_992,849,STATE_849,ITA,ITA,,,ITA TTS,ITA KTS
993,STATE_993,736,Name was Istria before the Pola (Istria) split and merge with Fiume,ITA,ITA,,,ITA LBV SLV YUG,ITA
994,STATE_994,947,STATE_947,PRU,HUN,,,PRU,HUN
995,STATE_995,446,Suez,EGY,ENG,EGY,,EGY,EGY
996,STATE_996,88,STATE_88,RUS,POL,,SOV,POL,GAL POL UKR
997,STATE_997,97,STATE_97,RUS,POL,,GER,BLR POL,POL
998,STATE_998,273,Libyan Desert,LBA,ITA,LBA,,LBA,CHA LBA
999,STATE_999,402,STATE_402,RUS,SOV,,,KAZ RUS,KAZ SOV
1002,STATE_1002,826,STATE_826,RUS,SOV,,,ABK GEO RUS,ABH GEO SOV
1005,STATE_1005,229,STATE_229,RUS,SOV,,,AZR RUS,AZR SOV
1009,STATE_1009,917,STATE_917,SWE,SWE,,,SMI SWE,SWE
1010,STATE_1010,921,Telemark,NOR,NOR,,GER,NOR,NOR
1011,STATE_1011,920,STATE_920,NOR,NOR,,GER,NOR,NOR
1012,STATE_1012,920,STATE_920,NOR,NOR,,GER,NOR,NOR
1013,STATE_1013,923,STATE_923,NOR,NOR,,GER,NOR SMI,NOR
1014,STATE_1014,144,Nordland,NOR,NOR,,GER,NOR SMI,NOR
1022,STATE_1022,328,Kirin,MAN,MAN,MAN,,MAN,CHI MAN PRC
1023,STATE_1023,716,STATE_716,MAN,MAN,MAN,,MAN,CHI MAN PRC
1024,STATE_1024,328,Kirin,MAN,MAN,MAN,,MAN,CHI MAN PRC
1025,STATE_1025,716,STATE_716,MAN,MAN,MAN,,MAN,CHI MAN PRC
1026,STATE_1026,328,Kirin,MAN,MAN,MAN,,MAN,CHI MAN PRC
1027,STATE_1027,1038,STATE_1038,BYG,CHI,BYG,,BYG,CHI PRC
1028,STATE_1028,1034,STATE_1034,KMT,CHI,JAP,RGR,KMT,CHI PRC
1035,STATE_1035,1092,STATE_1092,AST,AST,,,BOU PNG SOL,PNG
1039,STATE_1039,906,STATE_906,SOM,ENG,,,YEM,SYE YEM
1041,STATE_1041,993,STATE_993,BRM,RAJ,,,BRM,BRM
1042,STATE_1042,994,STATE_994,BRM,RAJ,,,BRM,BRM
1045,STATE_1045,44,STATE_44,ALB,ALB,ITA,,ALB,ALB
1046,STATE_1046,804,STATE_804,YUG,YUG,,CRO,BOS HRZ YUG,BOS HRZ YUG
1047,STATE_1047,104,STATE_104,YUG,YUG,,CRO,BOS YUG,BOS YUG
1048,STATE_1048,104,STATE_104,YUG,YUG,,CRO,BOS YUG,BOS YUG
1049,STATE_1049,274,STATE_274,DWA,ENG,DWA,,GHA,GHA
1051,STATE_1051,789,STATE_789,SPR,SPR,,,SPR,ADU SPR
1057,STATE_1057,895,STATE_895,DSW,SAF,DSW,,NMB SAF,NMB
1058,STATE_1058,35,STATE_35,HOL,HOL,,GER,HOL,FLA HOL ZEE
1059,STATE_1059,36,STATE_36,HOL,HOL,,GER,HOL,GEL HOL
1060,STATE_1060,35,STATE_35,HOL,HOL,,GER,HOL,HOL LIM
1061,STATE_1061,7,STATE_7,HOL,HOL,,GER,HOL,HOL
1063,STATE_1063,184,STATE_184,GRE,GRE,,BUL,GRE,GRE
1066,STATE_1066,852,Dalmatia,ITA,ITA,,,CRO ITA LBV YUG,CRO ITA YUG
1070,STATE_1070,663,STATE_663,LBA,ITA,LBA,,LBA,LBA
1071,STATE_1071,273,Libyan Desert,LBA,ITA,LBA,,LBA,LBA
1072,STATE_1072,273,Libyan Desert,LBA,ITA,LBA,,LBA,LBA
1073,STATE_1073,1091,STATE_1091,DAS,FRA,DAS,SIA,LAO,LAO
1074,STATE_1074,670,STATE_670,DAS,FRA,DAS,JAP,LAO,LAO
1075,STATE_1075,670,STATE_670,DAS,FRA,DAS,,LAO,LAO
1076,STATE_1076,1090,STATE_1090,DAS,FRA,DAS,,CPS LAO,LAO
1077,STATE_1077,1090,STATE_1090,DAS,FRA,DAS,SIA,CPS LAO,LAO
1078,STATE_1078,671,STATE_671,DAS,FRA,DAS,JAP,VIN,TON VIN
1079,STATE_1079,1017,STATE_1017,DAS,FRA,DAS,JAP,VIN,VIN
1080,STATE_1080,1017,STATE_1017,DAS,FRA,DAS,,VIN,VIN
1081,STATE_1081,1088,STATE_1088,DAS,FRA,DAS,,VIN,COC VIN
1082,STATE_1082,286,STATE_286,DAS,FRA,DAS,,CHM VIN,VIN
1083,STATE_1083,741,STATE_741,DAS,FRA,DAS,,CAM,CAM
1084,STATE_1084,741,STATE_741,DAS,FRA,DAS,,CAM,CAM
1085,STATE_1085,1089,STATE_1089,DAS,FRA,DAS,SIA,CAM,CAM
1087,STATE_1087,844,STATE_844,SOM,ITA,,ENG,SOM,SOM
1088,STATE_1088,559,STATE_559,SOM,ITA,SOM,ENG,SOM,SOM
1089,STATE_1089,29,STATE_29,BEL,FRA,,GER,FRA,FRA
1090,STATE_1090,560,Nikolayevsk,RUS,SOV,,,FER RUS,FER SIB SOV
1091,STATE_1091,231,STATE_231,RUS,SOV,,,GEO RUS,GEO SOT SOV
1092,STATE_1092,231,STATE_231,RUS,SOV,,,GEO RUS,GEO SOV
1093,STATE_1093,1071,STATE_1071,INS,INS,,,SSI,INS SSI
1094,STATE_1094,1084,STATE_1084,DAS,MAL,DAS,,MAL,MAL
1100,STATE_1100,834,STATE_834,RUS,SOV,,,MOL RUS UKR,MOL SOV UKR
1103,STATE_1103,48,STATE_48,BUL,BUL,BUL,,BUL,BUL
1104,STATE_1104,103,Dalmatia,YUG,YUG,,ITA,CRO YUG,CRO YUG
1106,STATE_1106,699,STATE_699,MOR,SPR,,,WES,MOR
1107,STATE_1107,153,STATE_153,GER,AUS,GER,GER,AUS GER,AUS GER
1109,STATE_1109,948,STATE_948,CHL,JAP,,,CHL RAP,KOR
1110,STATE_1110,558,STATE_558,DWA,ENG,DWA,,NGA,NGA
1111,STATE_1111,835,STATE_835,ETH,ETH,ITA,ITA,ETH HAR SOM,ETH SOM
1112,STATE_1112,63,STATE_63,GER,GER,,,GER KSH PRE,GER POL PRE
1113,STATE_1113,842,STATE_842,ETH,ETH,ITA,ITA,ETH TIG,ETH
1116,STATE_1116,1056,STATE_1056,STC,TUR,STC,,TUR,THR TUR
1119,STATE_1119,87,STATE_87,RUS,POL,,GER,POL,POL
1122,STATE_1122,406,Gurev,RUS,SOV,,,KAZ RUS,KAZ SOV
1123,STATE_1123,407,STATE_407,RUS,SOV,,,KAZ RUS,KAZ SOV
1124,STATE_1124,443,Sind,PAK,RAJ,PAK,,IND PAK SIN,PAK SIN
1125,STATE_1125,193,Chernihiv,RUS,SOV,,,RUS UKR,SOV UKR
1126,STATE_1126,193,Chernihiv,RUS,SOV,,,RUS UKR,SOV UKR
1127,STATE_1127,226,Dnipropertovsk,RUS,SOV,,,RUS UKR,SOV UKR
1129,STATE_1129,1005,STATE_1005,AFG,AFG,,,AFG TAJ,AFG
1130,STATE_1130,1007,STATE_1007,AFG,AFG,,,AFG TMS,AFG
1131,STATE_1131,1008,STATE_1008,AFG,AFG,,,AFG,AFG BAL
1135,STATE_1135,889,STATE_889,BEL,BEL,,,COG KAT,COG KTG
1136,STATE_1136,889,STATE_889,BEL,BEL,,,COG KAT,COG KTG
1138,STATE_1138,831,Khiva,RUS,SOV,,,KHI KKP RUS UZB,KPS SOV UZB
1139,STATE_1139,731,STATE_731,GRE,GRE,,GER,GRE,GRE
1140,STATE_1140,341,STATE_341,GRE,TUR,GRE,,GRE TUR,THR TUR
1142,STATE_1142,212,STATE_212,BUL,BUL,BUL,,BUL,BUL THR
1143,STATE_1143,212,STATE_212,BUL,BUL,BUL,,BUL,BUL
1144,STATE_1144,273,Libyan Desert,LBA,ITA,LBA,,LBA,LBA
1145,STATE_1145,273,Libyan Desert,LBA,ITA,LBA,,LBA,LBA
1146,STATE_1146,273,Libyan Desert,LBA,ITA,LBA,,LBA,LBA
1147,STATE_1147,962,STATE_962,BRA,SOV,,,BRA,CHE SOV
1148,STATE_1148,589,STATE_589,RUS,SOV,,,KAZ RUS,KAZ SOV
1149,STATE_1149,976,STATE_976,GER,AUS,GER,GER,AUS GER,AUS GER
1151,STATE_1151,150,KUOPIO,RUS,FIN,RUS,,FIN,FIN
1155,STATE_1155,856,STATE_856,SAU,SAU,,,SAU,HEJ SAU
1156,STATE_1156,184,STATE_184,GRE,GRE,,GER,GRE,GRE THR
1157,STATE_1157,182,STATE_182,GRE,GRE,,ITA,GRE,CRT GRE
1159,STATE_1159,731,STATE_731,GRE,GRE,,GER,GRE,GRE
1160,STATE_1160,731,STATE_731,GRE,GRE,,GER,GRE,GRE
1163,Karma,241,Gomel,RUS,SOV,,,BLR RUS,BLR SOV
1170,STATE_1170,207,STATE_207,RUS,SOV,,,BLR RUS,BLR SOV
1171,STATE_1171,732,STATE_732,RUS,SOV,,,KYR RUS,KOK KYR SOV
1173,STATE_1173,786,Mauritanian Desert,AOC,FRA,AOC,,MRT,MRT
1178,STATE_1178,98,STATE_98,RUS,POL,,GER,POL,POL
1179,STATE_1179,48,STATE_48,BUL,BUL,BUL,,BUL,BUL
1180,STATE_1180,91,Lwow,RUS,POL,,SOV,POL UKR,GAL POL UKR
1181,STATE_1181,88,STATE_88,RUS,POL,,GER,POL,CZE GAL MRV POL
1182,STATE_1182,980,STATE_980,BEL,BEL,,GER,BEL,BEL WLL
1183,STATE_1183,28,Alsace-Lorraine,GER,FRA,,GER,FRA GER,BGN FRA
1184,STATE_1184,18,STATE_18,FRA,FRA,,GER,FRA,BGN FRA
1185,STATE_1185,20,Rhone,FRA,FRA,,,FRA OCC,FRA
1186,STATE_1186,23,STATE_23,FRA,FRA,,GER,FRA,FRA
1187,STATE_1187,884,Upper Nile,EGY,ENG,EGY,,SUD,SSU SUD
1188,STATE_1188,1057,STATE_1057,STC,TUR,STC,,TUR,TUR
1191,STATE_1191,1013,STATE_1013,OMA,POL,,SOV,OMA,LIT POL
1192,STATE_1192,94,STATE_94,RUS,POL,,SOV,BLR POL,BLR POL
1193,STATE_1193,157,STATE_157,ITA,ITA,,,ITA PAP,ITA KTS
1194,STATE_1194,1063,STATE_1063,FRA,FRA,,GER,FRA,FRA
1197,STATE_1197,548,STATE_548,DOA,ENG,DOA,,UGA,UGA
1198,STATE_1198,1064,STATE_1064,FRA,FRA,,GER,FRA,FRA
1201,STATE_1201,76,STATE_76,ROM,ROM,,HUN,ROM TRA,ROM TRA
1202,STATE_1202,593,STATE_593,GXC,CHI,,,GDC GXC,CHI GXC PRC
1203,STATE_1203,161,STATE_161,ITA,ITA,,,ITA PAP,ITA PRM
1204,STATE_1204,106,STATE_106,YUG,YUG,,BUL,MAC YUG,MAC YUG
1205,STATE_1205,95,STATE_95,RUS,POL,,SOV,BLR POL,POL
1215,STATE_1215,275,Transvaal,SAF,SAF,,,SAF,SAF TRV
1216,STATE_1216,275,Transvaal,SAF,SAF,,,SAF,SAF TRV
1218,STATE_1218,719,Natal,SAF,SAF,,,SAF,SAF TRV
1220,STATE_1220,1068,STATE_1068,BAY,SAF,BAY,,BAY,SAF TRV
1221,STATE_1221,275,Transvaal,SAF,SAF,,,SAF,SAF TRV
1222,STATE_1222,229,STATE_229,RUS,SOV,,,AZR RUS,AZR SOV
1223,STATE_1223,230,STATE_230,RUS,SOV,,,ARM RUS,ARM SOV
1225,STATE_1225,231,STATE_231,RUS,SOV,,,GEO RUS,GEO SOV
1226,STATE_1226,231,STATE_231,RUS,SOV,,,GEO RUS,GEO SOV
1227,STATE_1227,231,STATE_231,RUS,SOV,,,GEO RUS,GEO SOV
1228,STATE_1228,934,STATE_934,ALB,ALB,ITA,,ALB,ALB
1229,STATE_1229,934,STATE_934,ALB,ALB,ITA,,ALB,ALB
1230,STATE_1230,106,STATE_106,YUG,YUG,,BUL,MAC YUG,MAC YUG
1232,STATE_1232,454,Palestine,SYR,ENG,SYR,,ISR PAL,ISR PAL
1233,STATE_1233,454,Palestine,SYR,ENG,SYR,,ISR PAL,ISR PAL
1234,STATE_1234,1075,STATE_1075,INS,ENG,,,INS,ISR PAL
1236,STATE_1236,454,Palestine,SYR,ENG,SYR,,ISR PAL,ISR PAL
1237,STATE_1237,446,Suez,EGY,ENG,EGY,,EGY,EGY
1239,STATE_1239,553,STATE_553,SYR,FRA,SYR,,LEB,LEB
1240,STATE_1240,554,STATE_554,SYR,FRA,,,SYR,SYR
1241,STATE_1241,554,STATE_554,SYR,FRA,,,SYR,SYR
1242,STATE_1242,677,STATE_677,SYR,FRA,,,SYR,SYR
1244,STATE_1244,676,STATE_676,IRQ,IRQ,,ENG,ASY IRQ KUR,IRQ
1245,STATE_1245,676,STATE_676,IRQ,IRQ,,ENG,ASY IRQ KUR,IRQ KUR
1246,STATE_1246,676,STATE_676,IRQ,IRQ,,ENG,ASY IRQ KUR,IRQ
1247,STATE_1247,291,STATE_291,IRQ,IRQ,,ENG,IRQ,IRQ
1248,STATE_1248,421,STATE_421,PER,PER,,,KUR PER,PER
1250,STATE_1250,588,Semipalatinsk,RUS,SOV,,,KAZ RUS,KAZ SOV
1254,STATE_1254,1024,STATE_1024,DAS,MAL,DAS,,MAL SAB,MAL PHI SUU
1256,STATE_1256,677,STATE_677,SYR,FRA,,,SYR,SYR
1263,STATE_1263,229,STATE_229,RUS,SOV,,,AZR RUS,AZR SOV
1264,STATE_1264,676,STATE_676,IRQ,IRQ,,ENG,ASY IRQ KUR,IRQ KUR
1267,STATE_1267,137,STATE_137,RUS,SOV,,,CRI RUS,CRI SOV
1268,STATE_1268,30,STATE_30,FRA,FRA,,GER,FRA,FRA
1269,STATE_1269,1076,STATE_1076,INS,INS,,,TML,GEA INS
1270,STATE_1270,20,Rhone,FRA,FRA,,,FRA OCC,FRA
1273,STATE_1273,742,STATE_742,RUS,SOV,,,BUK RUS TAJ,SOV TAJ
1274,STATE_1274,447,STATE_447,EGY,EGY,EGY,,EGY,EGY
1275,STATE_1275,67,STATE_67,GER,GER,,,GER PRE SIL,GER POL PRE SIL
1276,STATE_1276,907,STATE_907,EGY,EGY,EGY,,EGY,EGY
1277,STATE_1277,456,Aswan,EGY,EGY,EGY,,EGY,EGY
1278,STATE_1278,456,Aswan,EGY,EGY,EGY,,EGY,EGY
1279,STATE_1279,456,Aswan,EGY,EGY,EGY,,EGY,EGY
1285,STATE_1285,547,STATE_547,DOA,ENG,DOA,,KEN,KEN
1286,STATE_1286,903,STATE_903,DOA,ENG,DOA,,KEN SOM,KEN SOM
1287,STATE_1287,903,STATE_903,DOA,ENG,DOA,,KEN SOM,KEN SOM
1288,STATE_1288,453,STATE_453,EGY,EGY,EGY,,EGY,EGY
1291,STATE_1291,1055,STATE_1055,STC,TUR,STC,,TUR,TUR
1292,STATE_1292,1056,STATE_1056,STC,TUR,STC,,TUR,THR TUR
1293,STATE_1293,815,STATE_815,RUS,LIT,,SOV,LIT,LIT
1295,STATE_1295,1050,STATE_1050,SAU,ENG,SAU,,SAU,JBS JOR
1298,STATE_1298,659,STATE_659,YEM,ENG,,,FSA YEM,SYE YEM
1299,STATE_1299,1015,STATE_1015,OMA,OMA,,,IMO,OMA
1303,STATE_1303,185,STATE_185,GRE,GRE,,ITA,GRE,GRE
1305,STATE_1305,755,STATE_755,XSM,XSM,,,XSM,CHI PRC XSM
1306,STATE_1306,759,STATE_759,SIK,TUG,,SIK,SIK,CHI PRC SIK TUG
1307,STATE_1307,1032,STATE_1032,XIC,NEA,XIC,CHI,XIC,CHI NEA PRC
1311,STATE_1311,605,STATE_605,KMT,SZH,KMT,CHI,KMT SIC,CHI PRC SZH
1313,STATE_1313,747,STATE_747,YUN,YUN,,,YUN,CHI PRC YUN
1314,STATE_1314,1079,STATE_1079,INS,INS,,,PNG WPG,WPP
1315,STATE_1315,594,STATE_594,GXC,GXC,,,GXC,CHI GXC PRC
1316,STATE_1316,599,STATE_599,GXC,GXC,,,GXC,CHI GXC PRC
1317,STATE_1317,599,STATE_599,GXC,GXC,,,GXC,CHI GXC PRC
1318,STATE_1318,618,Dzungaria,ETR,SIK,ETR,,ETR SIK,CHI PRC SIK
1319,STATE_1319,786,Mauritanian Desert,AOC,FRA,AOC,,MRT,MRT
1321,STATE_1321,30,STATE_30,FRA,FRA,,GER,FRA,BRI FRA
1323,STATE_1323,688,STATE_688,PAR,PAR,,,BOL PAR,PAR
1325,STATE_1325,71,STATE_71,HUN,CZE,HUN,HUN,SLO,CZE HUN SLO
1327,STATE_1327,662,STATE_662,LBA,ITA,LBA,,LBA,LBA
1328,STATE_1328,65,STATE_65,GER,GER,,,GER SAX,GER LUS SAX
1329,STATE_1329,64,STATE_64,GER,GER,,,GER PRE,GER LUS PRE
1330,STATE_1330,999,STATE_999,BRM,RAJ,,,BRM,BRM
1332,STATE_1332,68,STATE_68,GER,GER,,,GER PRE,GER POL PRE
1333,STATE_1333,63,STATE_63,GER,GER,,,GER KSH PRE,GER POL PRE
1334,STATE_1334,51,STATE_51,GER,GER,,,GER PRE RHI,GER HAN PRE RHI
1344,STATE_1344,592,STATE_592,GXC,CHI,,,GDC GXC,CHI GXC PRC
1345,STATE_1345,514,Algerian Desert,ALG,FRA,ALG,,ALG,ALG MOR
1347,STATE_1347,67,STATE_67,GER,GER,,,GER PRE SIL,GER POL PRE SIL
1348,STATE_1348,67,STATE_67,GER,GER,,,GER PRE SIL,GER POL PRE SIL
1351,STATE_1351,158,STATE_158,ITA,ITA,,,ITA SPM,ITA SRD
1352,STATE_1352,806,STATE_806,FRA,FRA,,GER,FRA NAV,FRA NAV OCC
1353,STATE_1353,806,STATE_806,FRA,FRA,,,FRA NAV,FRA NAV OCC
1354,STATE_1354,848,STATE_848,GER,AUS,GER,GER,AUS GER,AUS GER
1356,STATE_1356,641,STATE_641,AST,FRA,AST,,TAH,TAH
1361,STATE_1361,148,LAPPI,RUS,FIN,RUS,,FIN SMI,FIN
1362,STATE_1362,666,STATE_666,SWE,SWE,,,SMI SWE,SWE
1363,STATE_1363,97,STATE_97,RUS,POL,,SOV,BLR POL,POL
1364,STATE_1364,807,STATE_807,GER,POL,,GER,GER KSH POL,POL
1366,STATE_1366,229,STATE_229,RUS,SOV,,,AZR RUS,AZR SOV
1367,STATE_1367,230,STATE_230,RUS,SOV,,,ARM RUS,ARM SOV
1368,STATE_1368,146,KARJALA,RUS,FIN,RUS,SOV,FIN KAR,FIN KAR
1369,STATE_1369,146,KARJALA,RUS,FIN,RUS,SOV,FIN KAR,FIN KAR
1373,STATE_1373,97,STATE_97,RUS,POL,,SOV,BLR POL,POL
1374,STATE_1374,88,STATE_88,RUS,POL,,GGO,POL,GAL POL
1375,STATE_1375,95,STATE_95,RUS,POL,,SOV,BLR POL,POL
1376,STATE_1376,664,STATE_664,HUN,CZE,HUN,HUN,HUN SLO,CZE HUN SLO UKR
1380,STATE_1380,215,STATE_215,RUS,SOV,,,KAR RUS,FIN KAR SOV
1381,STATE_1381,146,KARJALA,RUS,FIN,RUS,SOV,FIN KAR,FIN KAR
1383,STATE_1383,96,STATE_96,RUS,POL,,SOV,BLR POL,POL
1384,STATE_1384,94,STATE_94,RUS,POL,,SOV,BLR POL,BLR POL
1385,STATE_1385,93,STATE_93,RUS,POL,,SOV,POL UKR,POL UKR
1386,STATE_1386,91,Lwow,RUS,POL,,SOV,POL UKR,GAL POL UKR
1387,STATE_1387,103,Dalmatia,YUG,YUG,,CRO,CRO YUG,CRO YUG
1391,STATE_1391,158,STATE_158,ITA,ITA,,,ITA SPM,ITA SRD
1393,STATE_1393,420,STATE_420,PER,PER,,,AZR PER,PER
1397,STATE_1397,119,STATE_119,IRE,ENG,,,ENG IRE NIR,ENG IRE NIR
1398,STATE_1398,119,STATE_119,IRE,ENG,,,ENG IRE NIR,ENG IRE NIR
1399,STATE_1399,119,STATE_119,IRE,ENG,,,ENG IRE NIR,ENG IRE NIR
1403,STATE_1403,108,STATE_108,YUG,YUG,,SER,SER YUG,SER YUG
1404,STATE_1404,104,STATE_104,YUG,YUG,,CRO,BOS YUG,BOS YUG
1405,Cornwall,123,STATE_123,ENG,ENG,,,ENG,CRN ENG
1406,STATE_1406,92,STATE_92,RUS,POL,,GGO,POL,POL
1407,STATE_1407,408,STATE_408,RUS,SOV,,,FER RUS VLA,FER SIB SOV
1409,STATE_1409,5,STATE_5,GER,GER,,GER,GER PRE,GER POL PRE
1412,STATE_1412,99,STATE_99,DEN,DEN,,GER,DEN,DEN
1413,STATE_1413,99,STATE_99,DEN,DEN,,GER,DEN,DEN
1415,STATE_1415,50,Württemberg,GER,GER,,,GER WUR,BDN GER
1421,STATE_1421,104,STATE_104,YUG,YUG,,CRO,BOS YUG,BOS YUG
1424,STATE_1424,807,STATE_807,GER,POL,,GER,GER KSH POL,POL
1425,STATE_1425,807,STATE_807,GER,POL,,GER,GER KSH POL,POL
1426,STATE_1426,86,STATE_86,GER,POL,,GER,GER POL,POL
1427,STATE_1427,185,STATE_185,GRE,GRE,,ITA,GRE,GRE
1428,STATE_1428,731,STATE_731,GRE,GRE,,GER,GRE,GRE
1430,STATE_1430,29,STATE_29,BEL,FRA,,GER,FRA,FRA
1432,STATE_1432,55,STATE_55,GER,GER,,,GER HES PRE,GER PRE RHI
1433,STATE_1433,94,STATE_94,RUS,POL,,SOV,BLR POL,BLR POL
1434,STATE_1434,93,STATE_93,RUS,POL,,SOV,POL UKR,POL UKR
1435,STATE_1435,6,Flanders,BEL,BEL,,GER,BEL,BEL BRB FLA
1436,STATE_1436,28,Alsace-Lorraine,GER,FRA,,GER,FRA GER,ALS FRA
1437,STATE_1437,230,STATE_230,RUS,SOV,,,ARM RUS,ARM SOV
1438,STATE_1438,189,STATE_189,RUS,LIT,,SOV,LIT,LIT
1441,STATE_1441,95,STATE_95,RUS,POL,,SOV,BLR POL,BLR POL
1443,STATE_1443,763,STATE_763,GER,GER,,GER,GER PRE,GER PRE
1444,STATE_1444,227,STATE_227,RUS,SOV,,,RUS UKR,DON SOV UKR
1445,STATE_1445,228,Voroshilovgrad,RUS,SOV,,,RUS UKR,DON SOV UKR
1446,STATE_1446,225,Sumy,RUS,SOV,,,RUS UKR,SOV UKR
1450,STATE_1450,102,STATE_102,YUG,YUG,,GER,SLV YUG,SLV YUG
1453,STATE_1453,47,Thessaly,GRE,GRE,,ITA,GRE,GRE
1454,STATE_1454,12,STATE_12,RUS,LAT,,SOV,LAT,LAT LIV
1455,STATE_1455,199,STATE_199,RUS,SOV,,,RUS UKR,SOV UKR
1457,STATE_1457,153,STATE_153,GER,AUS,GER,GER,AUS GER,AUS GER
1458,STATE_1458,102,STATE_102,YUG,YUG,,GER,SLV YUG,SLV YUG
1459,STATE_1459,584,STATE_584,RUS,SOV,,,RUS TMS,SOV TMS
1460,STATE_1460,584,STATE_584,RUS,SOV,,,RUS TMS,SOV TMS
1461,STATE_1461,584,STATE_584,RUS,SOV,,,RUS TMS,SOV TMS
1462,STATE_1462,584,STATE_584,RUS,SOV,,,RUS TMS,SOV TMS
1463,STATE_1463,405,Tashkent,RUS,SOV,,,RUS UZB,SOV UZB
1464,STATE_1464,830,Bukhara,RUS,SOV,,,BUK RUS UZB,SOV UZB
1465,STATE_1465,832,STATE_832,RUS,SOV,,,KHI RUS TMS,SOV TMS
1466,STATE_1466,584,STATE_584,RUS,SOV,,,RUS TMS,SOV TMS
1467,STATE_1467,823,Karakalpakstan,RUS,SOV,,,KKP RUS UZB,KPS SOV UZB
1468,STATE_1468,742,STATE_742,RUS,SOV,,,BUK RUS TAJ,KOK SOV TAJ
1469,STATE_1469,404,Kyzyl Orda,RUS,SOV,,,KAZ RUS,KAZ SOV
1470,STATE_1470,206,STATE_206,RUS,SOV,,,BLR RUS,BLR SOV
1471,Mozyr,194,Mozyr,RUS,SOV,,,BLR RUS,BLR SOV
1477,STATE_1477,588,Semipalatinsk,RUS,SOV,,,KAZ RUS,KAZ SOV
1478,STATE_1478,14,STATE_14,FRA,FRA,,GER,BRI FRA,BRI FRA
1482,STATE_1482,29,STATE_29,BEL,FRA,,GER,FRA,FRA
1485,STATE_1485,94,STATE_94,RUS,POL,,SOV,BLR POL,BLR POL
1486,STATE_1486,212,STATE_212,BUL,BUL,BUL,,BUL,BUL THR
1487,STATE_1487,229,STATE_229,RUS,SOV,,,AZR RUS,AZR SOV
1489,STATE_1489,405,Tashkent,RUS,SOV,,,RUS UZB,KOK SOV UZB
1490,STATE_1490,202,STATE_202,RUS,SOV,,,RUS UKR,SOV UKR
1491,STATE_1491,202,STATE_202,RUS,SOV,,,RUS UKR,SOV UKR
1492,STATE_1492,900,STATE_900,DWA,ENG,DWA,,BIA NGA,BIA NGA
1493,STATE_1493,773,Cameroon,DWA,FRA,DWA,,CMR,CMR
1498,STATE_1498,856,STATE_856,SAU,SAU,,,SAU,HEJ SAU
1507,STATE_1507,1054,STATE_1054,HUN,ROM,HUN,HUN,HUN,ROM TRA
1508,STATE_1508,63,STATE_63,GER,GER,,,GER KSH PRE,GER PRE
1510,STATE_1510,44,STATE_44,ALB,ALB,ITA,,ALB,ALB
1513,STATE_1513,47,Thessaly,GRE,GRE,,ITA,GRE,GRE
1517,STATE_1517,378,STATE_378,USA,USA,,,USA,CAL USA
1518,STATE_1518,378,STATE_378,USA,USA,,,USA,CAL USA
1523,STATE_1523,1043,STATE_1043,MON,MEN,MON,MEN,MEN MON SHX,CHI MEN PRC
1524,STATE_1524,515,STATE_515,AOC,FRA,AOC,,NGR,NGR
1525,STATE_1525,546,STATE_546,DOA,ENG,DOA,,TZN,TZN
1526,STATE_1526,546,STATE_546,DOA,ENG,DOA,,TZN,TZN
1527,STATE_1527,771,Zambia,FRN,ENG,FRN,,ZAM,ZAM
1528,STATE_1528,981,Barotseland,FRN,ENG,FRN,,BAR ZAM,ZAM
1529,STATE_1529,981,Barotseland,FRN,ENG,FRN,,BAR ZAM,ZAM
1530,Zambia,771,Zambia,FRN,ENG,FRN,,ZAM,ZAM
1531,STATE_1531,545,STATE_545,FRN,ENG,FRN,,ZIM,ZIM
1534,STATE_1534,542,STATE_542,BOT,ENG,BOT,,BOT,BOT
1536,STATE_1536,542,STATE_542,BOT,ENG,BOT,,BOT,BOT
1537,STATE_1537,542,STATE_542,BOT,ENG,BOT,,BOT,BOT
1539,STATE_1539,889,STATE_889,BEL,BEL,,,COG KAT,COG KTG
1543,STATE_1543,541,STATE_541,DSW,SAF,DSW,,NMB SAF,NMB
1544,STATE_1544,894,STATE_894,DSW,SAF,DSW,,NMB SAF,NMB
1545,STATE_1545,998,STATE_998,BRM,RAJ,,,BRM,BRM
1548,STATE_1548,297,Equatorial Guinea,DWA,SPR,,,EQG,EQG
1552,STATE_1552,354,STATE_354,ARM,TUR,,,ARM TUR,TUR
1553,STATE_1553,91,Lwow,RUS,POL,,SOV,POL UKR,GAL POL UKR
1554,STATE_1554,976,STATE_976,GER,AUS,GER,GER,AUS GER,AUS GER
1555,STATE_1555,93,STATE_93,RUS,POL,,SOV,POL UKR,POL UKR
1557,STATE_1557,94,STATE_94,RUS,POL,,SOV,BLR POL,BLR POL
1558,STATE_1558,88,STATE_88,RUS,POL,,GGO,POL,GAL POL
1559,STATE_1559,36,STATE_36,HOL,HOL,,GER,HOL,GEL HOL
1560,STATE_1560,86,STATE_86,GER,POL,,GER,GER POL,POL
1561,STATE_1561,807,STATE_807,GER,POL,,GER,GER KSH POL,POL
1562,STATE_1562,463,STATE_463,USA,USA,,,,ALA
1563,STATE_1563,784,STATE_784,RUS,POL,,SOV,LIT POL,LIT POL
1564,STATE_1564,463,STATE_463,USA,USA,,,,ALA
1568,STATE_1568,855,STATE_855,SAU,SAU,,,SAU,HEJ SAU
1569,Arabian Desert,457,Arabian Desert,EGY,EGY,EGY,,EGY,EGY
1570,STATE_1570,73,STATE_73,HUN,CZE,HUN,HUN,HUN SLO UKR,CZE HUN SLO UKR
1571,STATE_1571,137,STATE_137,RUS,SOV,,,CRI RUS,CRI SOV
1572,STATE_1572,928,KYME,RUS,FIN,RUS,,FIN,FIN
1575,STATE_1575,513,Tlmecen,ALG,FRA,ALG,,ALG,ALG
1577,STATE_1577,459,Algiers,ALG,FRA,ALG,,ALG,ALG
1581,STATE_1581,17,Lorraine,FRA,FRA,,GER,FRA,FRA
1582,STATE_1582,785,STATE_785,FRA,FRA,,GER,FRA,FRA
1586,STATE_1586,454,Palestine,SYR,ENG,SYR,,ISR PAL,ISR PAL
1587,STATE_1587,98,STATE_98,RUS,POL,,GGO,POL,POL
1588,STATE_1588,88,STATE_88,RUS,POL,,GGO,POL,GAL POL
1589,STATE_1589,92,STATE_92,RUS,POL,,GGO,POL,GAL POL
1590,STATE_1590,93,STATE_93,RUS,POL,,SOV,POL UKR,GAL POL UKR
1594,STATE_1594,101,STATE_101,DEN,DEN,,,DEN GRN,GRL
1595,STATE_1595,184,STATE_184,GRE,GRE,,BUL,GRE,GRE THR
1596,STATE_1596,161,STATE_161,ITA,ITA,,,ITA PAP,ITA PRM
1599,STATE_1599,88,STATE_88,RUS,POL,,GGO,POL,GAL POL
1600,STATE_1600,763,STATE_763,GER,GER,,GER,GER PRE,GER PRE
1601,STATE_1601,47,Thessaly,GRE,GRE,,ITA,GRE,GRE
1602,STATE_1602,94,STATE_94,RUS,POL,,SOV,BLR POL,BLR POL
1604,STATE_1604,11,STATE_11,RUS,LIT,,SOV,LIT,LIT
1611,STATE_1611,65,STATE_65,GER,GER,,,GER SAX,GER LUS PRE SIL
1615,STATE_1615,371,STATE_371,USA,USA,,,USA,LOU USA
1616,STATE_1616,375,STATE_375,USA,USA,,,USA,TEX USA
1617,STATE_1617,66,STATE_66,GER,GER,,,GER PRE SIL,GER LUS PRE SIL
1618,STATE_1618,371,STATE_371,USA,USA,,,USA,LOU USA
1619,STATE_1619,206,STATE_206,RUS,SOV,,,BLR RUS,BLR SOV
1620,STATE_1620,207,STATE_207,RUS,SOV,,,BLR RUS,BLR SOV
1621,STATE_1621,463,STATE_463,USA,USA,,,,ALA
1624,STATE_1624,198,STATE_198,RUS,SOV,,,RUS UKR,SOV UKR
1625,STATE_1625,1054,STATE_1054,HUN,ROM,HUN,HUN,HUN,HUN ROM TRA
1626,Varsinais Suomi / Finland Proper,926,TURKU AND PORI,RUS,FIN,RUS,,FIN,FIN
1627,Savo / Tavastland / Tavastia,927,HÄME,RUS,FIN,RUS,,FIN,FIN
1628,Savo / Tavastland / Tavastia,929,OULU,RUS,FIN,RUS,,FIN,FIN
1629,Savo / Tavastland / Tavastia,929,OULU,RUS,FIN,RUS,,FIN,FIN
1630,Savo / Tavastland / Tavastia,148,LAPPI,RUS,FIN,RUS,,FIN SMI,FIN
1631,Vaasa,149,VAASA,RUS,FIN,RUS,,FIN,FIN
1637,STATE_1637,142,STATE_142,NOR,NOR,,GER,NOR,NOR
1638,STATE_1638,920,STATE_920,NOR,NOR,,GER,NOR,NOR
1648,STATE_1648,357,STATE_357,USA,USA,,,USA,NEE USA
1655,STATE_1655,63,STATE_63,GER,GER,,,GER KSH PRE,GER POL PRE
1656,STATE_1656,95,STATE_95,RUS,POL,,SOV,BLR POL,BLR POL
1659,STATE_1659,332,STATE_332,ENG,ENG,,,CAN,CAN NFL
1662,STATE_1662,340,STATE_340,TUR,TUR,TUR,,TUR,TUR
1666,STATE_1666,1074,STATE_1074,INS,TUR,,,BLI,TUR
1678,STATE_1678,356,Kastamonu,TUR,TUR,,,TUR,PON TUR
1679,STATE_1679,4,STATE_4,GER,AUS,GER,GER,AUS GER,AUS GER
1689,STATE_1689,378,STATE_378,USA,USA,,,USA,CAL USA
1690,STATE_1690,378,STATE_378,USA,USA,,,USA,CAL USA
1691,STATE_1691,378,STATE_378,USA,USA,,,USA,CAL USA
1692,STATE_1692,378,STATE_378,USA,USA,,,USA,CAL USA
1693,STATE_1693,378,STATE_378,USA,USA,,,USA,CAL USA
1694,STATE_1694,378,STATE_378,USA,USA,,,USA,CAL USA
1695,STATE_1695,378,STATE_378,USA,USA,,,USA,CAL USA
1696,STATE_1696,378,STATE_378,USA,USA,,,USA,CAL USA
1697,STATE_1697,375,STATE_375,USA,USA,,,USA,TEX USA
1698,STATE_1698,375,STATE_375,USA,USA,,,USA,TEX USA
1699,STATE_1699,375,STATE_375,USA,USA,,,USA,TEX USA
1700,STATE_1700,63,STATE_63,GER,GER,,,GER KSH PRE,GER PRE
1701,STATE_1701,63,STATE_63,GER,GER,,,GER KSH PRE,GER PRE
1710,STATE_1710,9,STATE_9,CZE,CZE,GER,GER,CZE,CZE GER MRV
1712,STATE_1712,92,STATE_92,RUS,POL,,GGO,POL,POL
1726,STATE_1726,430,STATE_430,BAN,RAJ,BAN,,BAN IND PAK,BAN PAK RAJ
1728,STATE_1728,807,STATE_807,GER,POL,,GER,GER KSH POL,POL
1729,STATE_1729,70,STATE_70,HUN,CZE,HUN,SLO,SLO,CZE SLO
1730,STATE_1730,20,Rhone,FRA,FRA,,,FRA OCC,FRA
1731,STATE_1731,1048,Moselgebiet,GER,FRA,GER,GER,GER,BGN FRA
1732,STATE_1732,18,STATE_18,FRA,FRA,,GER,FRA,BGN FRA
1733,STATE_1733,17,Lorraine,FRA,FRA,,GER,FRA,BGN FRA
1734,STATE_1734,17,Lorraine,FRA,FRA,,GER,FRA,BGN FRA
1737,STATE_1737,88,STATE_88,RUS,POL,,GGO,POL,GAL POL
1738,STATE_1738,618,Dzungaria,ETR,SIK,ETR,,ETR SIK,CHI PRC SIK
1739,STATE_1739,617,STATE_617,SIK,SIK,,,SIK,CHI PRC SIK
1743,STATE_1743,604,STATE_604,XSM,XSM,,,XSM,CHI PRC XSM
1747,STATE_1747,747,STATE_747,YUN,YUN,,,YUN,CHI PRC YUN
1749,STATE_1749,747,STATE_747,YUN,YUN,,,YUN,CHI PRC YUN
1750,STATE_1750,325,STATE_325,YUN,YUN,,,YUN,CHI PRC YUN
1751,STATE_1751,1046,STATE_1046,XIC,PRC,XIC,,XIC,CHI PRC
1753,STATE_1753,616,STATE_616,XSM,NSI,,,XSM,CHI NSI PRC XSM
1754,STATE_1754,34,STATE_34,BEL,BEL,,GER,BEL,BEL WLL
1755,STATE_1755,157,STATE_157,ITA,ITA,,,ITA PAP,ITA
1756,STATE_1756,161,STATE_161,ITA,ITA,,,ITA PAP,ITA PRM
1757,STATE_1757,157,STATE_157,ITA,ITA,,,ITA PAP,ITA TUS
1758,STATE_1758,162,STATE_162,ITA,ITA,,,ITA TOS,ITA TUS
1762,STATE_1762,925,STATE_925,NOR,NOR,,GER,NOR SMI,NOR
1767,STATE_1767,55,STATE_55,GER,GER,,,GER HES PRE,GER HAN PRE
1768,STATE_1768,91,Lwow,RUS,POL,,SOV,POL UKR,GAL POL UKR
1769,STATE_1769,89,STATE_89,RUS,POL,,SOV,POL UKR,GAL POL UKR
1771,STATE_1771,199,STATE_199,RUS,SOV,,,RUS UKR,SOV UKR
1772,STATE_1772,199,STATE_199,RUS,SOV,,,RUS UKR,SOV UKR
1773,STATE_1773,1087,STATE_1087,DAS,POL,DAS,GGO,MAL,POL
1774,Gomel,241,Gomel,RUS,SOV,,,BLR RUS,SOV
1775,STATE_1775,87,STATE_87,RUS,POL,,GER,POL,POL
1777,STATE_1777,755,STATE_755,XSM,XSM,,,XSM,CHI PRC XSM
1778,STATE_1778,754,STATE_754,XSM,XSM,,,XSM,CHI PRC XSM
1779,STATE_1779,754,STATE_754,XSM,XSM,,,XSM,CHI PRC XSM
1780,STATE_1780,283,STATE_283,XIC,XSM,XIC,,XIC,CHI PRC XSM
1781,STATE_1781,754,STATE_754,XSM,XSM,,,XSM,CHI PRC XSM
1784,STATE_1784,756,STATE_756,XSM,XSM,,,XSM,CHI PRC XSM
1785,STATE_1785,756,STATE_756,XSM,XSM,,,XSM,CHI PRC XSM
1794,STATE_1794,325,STATE_325,YUN,YUN,,,YUN,CHI PRC YUN
1798,STATE_1798,26,Auveregne,FRA,FRA,,,FRA OCC,FRA
1800,STATE_1800,20,Rhone,FRA,FRA,,,FRA OCC,FRA
1802,STATE_1802,158,STATE_158,ITA,ITA,,,ITA SPM,ITA OCC SRD
1803,STATE_1803,72,STATE_72,CZE,POL,POL,GER,CZE,POL
1807,STATE_1807,977,Antwerpen,BEL,BEL,,GER,BEL,BEL FLA LIM
1808,STATE_1808,977,Antwerpen,BEL,BEL,,GER,BEL,BEL BRB FLA
1811,STATE_1811,5,STATE_5,GER,GER,,GER,GER PRE,GER POL PRE
1813,STATE_1813,773,Cameroon,DWA,FRA,DWA,,CMR,CMR
1814,Mali (previously French West Africa),899,STATE_899,AOC,FRA,AOC,,MLI,MLI
1815,Mali (previously French West Africa),898,STATE_898,AOC,FRA,AOC,,MLI,MLI
1816,Guinea,780,Guinea,AOC,FRA,AOC,,GNA,GNA
1817,STATE_1817,422,STATE_422,ENG,ENG,,,SRL,SRL TTE
1818,STATE_1818,1005,STATE_1005,AFG,AFG,,,AFG TAJ,AFG
1821,STATE_1821,1005,STATE_1005,AFG,AFG,,,AFG TAJ,AFG
1823,STATE_1823,60,STATE_60,GER,GER,,,GER THU,GER PRE
1825,STATE_1825,659,STATE_659,YEM,ENG,,,FSA YEM,SYE YEM
1828,STATE_1828,404,Kyzyl Orda,RUS,SOV,,,KAZ RUS,KAZ SOV
1839,STATE_1839,29,STATE_29,BEL,FRA,,GER,FRA,FRA
1840,STATE_1840,877,Verkhoyansk,RUS,SOV,,,RUS YAK,SIB SOV YAK
1843,STATE_1843,479,STATE_479,MEX,MEX,,,MEX RIG,MEX RIO
1847,STATE_1847,855,STATE_855,SAU,SAU,,,SAU,HEJ SAU
1859,STATE_1859,388,STATE_388,USA,USA,,,USA,SIX USA
1860,STATE_1860,390,STATE_390,USA,USA,,,USA,SIX USA
1862,STATE_1862,381,STATE_381,USA,USA,,,USA,SIX USA
1863,STATE_1863,389,STATE_389,USA,USA,,,USA,SIX USA
1865,STATE_1865,152,STATE_152,GER,AUS,GER,GER,AUS GER,AUS GER
1868,STATE_1868,807,STATE_807,GER,POL,,GER,GER KSH POL,POL
1872,STATE_1872,160,STATE_160,ITA,ITA,,,ITA LBV,ITA VEC
1873,STATE_1873,376,STATE_376,USA,USA,,,USA,NVJ USA
1874,STATE_1874,377,STATE_377,USA,USA,,,USA,NVJ USA
1875,STATE_1875,380,STATE_380,USA,USA,,,USA,NVJ USA
1876,STATE_1876,28,Alsace-Lorraine,GER,FRA,,GER,FRA GER,BGN FRA
1877,STATE_1877,785,STATE_785,FRA,FRA,,GER,FRA,FRA
1879,STATE_1879,988,STATE_988,KLT,RAJ,KLT,,BLC IND PAK,BAL PAK
1880,STATE_1880,1012,STATE_1012,KLT,RAJ,KLT,,BLC KLT PAK,BAL PAK
1881,STATE_1881,444,STATE_444,KLT,RAJ,KLT,,BLC PAK,BAL PAK
1884,STATE_1884,325,STATE_325,YUN,YUN,,,YUN,CHI PRC YUN
1906,STATE_1906,512,STATE_512,ARG,ARG,,,ARG WLA,ARG
1907,STATE_1907,512,STATE_512,ARG,ARG,,,ARG WLA,ARG
1910,STATE_1910,1072,STATE_1072,INS,INS,,,ATJ,ACH INS
1911,STATE_1911,672,STATE_672,INS,INS,,,INS,INS SSM
1912,STATE_1912,1071,STATE_1071,INS,INS,,,SSI,INS SSM
1913,STATE_1913,1071,STATE_1071,INS,INS,,,SSI,INS SSI
1914,STATE_1914,672,STATE_672,INS,INS,,,INS,BTE INS
1915,STATE_1915,1069,STATE_1069,INS,INS,,,INS,INS SSM
1916,STATE_1916,335,Java,INS,INS,,,INS,BTE INS
1917,STATE_1917,1080,Batavia/Jakarta,INS,INS,,,INS,INS MTR
1918,STATE_1918,1073,STATE_1073,INS,INS,,,INS,INS MTR
1919,STATE_1919,1073,STATE_1073,INS,INS,,,INS,INS MTR
1921,STATE_1921,612,STATE_612,MON,JAP,MON,MEN,HBC MEN MON,CHI MEN MON PRC
1923,STATE_1923,887,STATE_887,EGY,ENG,EGY,,SUD,SUD
1924,STATE_1924,778,Upper Volta,AOC,FRA,AOC,,VOL,VOL
1925,STATE_1925,778,Upper Volta,AOC,FRA,AOC,,VOL,VOL
1926,STATE_1926,65,STATE_65,GER,GER,,,GER SAX,GER PRE
1928,STATE_1928,334,STATE_334,INS,INS,,,INS,INS SBS
1929,STATE_1929,1077,STATE_1077,INS,INS,,,GOW,BNJ INS
1930,STATE_1930,668,STATE_668,INS,INS,,,INS,GEA INS SML
1931,STATE_1931,1078,STATE_1078,INS,INS,,,GOW TNE,GEA INS SUL
1934,STATE_1934,28,Alsace-Lorraine,GER,FRA,,GER,FRA GER,ALS FRA
1935,STATE_1935,458,STATE_458,TUN,FRA,TUN,,TUN,TUN
1936,STATE_1936,665,STATE_665,TUN,FRA,TUN,,TUN,TUN
1937,STATE_1937,665,STATE_665,TUN,FRA,TUN,,TUN,TUN
1938,STATE_1938,671,STATE_671,DAS,FRA,DAS,JAP,VIN,TON VIN
1939,STATE_1939,78,STATE_78,RUS,ROM,,SOV,MOL ROM,MOL ROM
1940,STATE_1940,766,STATE_766,RUS,ROM,,SOV,MOL ROM UKR,MOL ROM UKR
1942,STATE_1942,807,STATE_807,GER,POL,,GER,GER KSH POL,POL
1944,STATE_1944,771,Zambia,FRN,ENG,FRN,,ZAM,ZAM
1946,Mysore,425,Mysore,DRV,RAJ,DRV,,DRV MYS,
1949,Mysore,425,Mysore,DRV,RAJ,DRV,,DRV MYS,
1950,STATE_1950,669,STATE_669,INS,INS,,,INS WPG,WPP
1951,STATE_1951,669,STATE_669,INS,INS,,,INS WPG,WPP
1961,STATE_1961,770,STATE_770,FRN,ENG,FRN,,MLW,MLW
1964,STATE_1964,54,STATE_54,GER,GER,,,BAY GER,GER WUR
1965,STATE_1965,978,Baden,GER,GER,,,GER WUR,BDN GER
1968,STATE_1968,827,STATE_827,RUS,SOV,,,KBK RUS,CIR KBR SOV
1969,STATE_1969,97,STATE_97,RUS,POL,,SOV,BLR POL,POL
1970,STATE_1970,163,STATE_163,ITA,YUG,,ITA,CRO LBV YUG,CRO YUG
1972,STATE_1972,97,STATE_97,RUS,POL,,SOV,BLR POL,POL
1973,STATE_1973,86,STATE_86,GER,POL,,GER,GER POL,POL
1975,STATE_1975,36,STATE_36,HOL,HOL,,,HOL,GEL HOL
1976,STATE_1976,35,STATE_35,HOL,HOL,,,HOL,HOL ZEE
1977,STATE_1977,715,STATE_715,BYG,MAN,BYG,,BYG MAN,CHI MAN PRC
1978,STATE_1978,610,Jehol,BYG,MAN,BYG,,BYG MAN,CHI MAN PRC
1979,STATE_1979,843,STATE_843,ETH,ETH,ITA,ENG,AFA ETH,ETH
1987,STATE_1987,45,STATE_45,HUN,YUG,,HUN,SER YUG,SER VOJ YUG
1988,STATE_1988,764,STATE_764,HUN,YUG,HUN,GER,SER TRA YUG,BNT SER VOJ YUG
1989,STATE_1989,980,STATE_980,BEL,BEL,,GER,BEL,BEL WLL
1990,STATE_1990,980,STATE_980,BEL,BEL,,GER,BEL,BEL WLL
1992,STATE_1992,814,STATE_814,RUS,LIT,,SOV,LIT,LIT
1993,STATE_1993,207,STATE_207,RUS,SOV,,,BLR RUS,BLR SOV
1994,STATE_1994,207,STATE_207,RUS,SOV,,,BLR RUS,BLR SOV
1995,STATE_1995,194,Mozyr,RUS,SOV,,,BLR RUS,BLR SOV
1996,STATE_1996,201,STATE_201,RUS,SOV,,,RUS UKR,SOV UKR
1997,STATE_1997,784,STATE_784,RUS,POL,,SOV,LIT POL,LIT POL
2002,STATE_2002,341,STATE_341,GRE,TUR,GRE,,GRE TUR,THR TUR
2003,STATE_2003,104,STATE_104,YUG,YUG,,CRO,BOS YUG,BOS YUG
2004,STATE_2004,104,STATE_104,YUG,YUG,,CRO,BOS YUG,BOS YUG
2007,STATE_2007,231,STATE_231,RUS,SOV,,,GEO RUS,GEO SOV
2009,STATE_2009,232,Dagestan,RUS,SOV,,,DAG RUS,DAG SOV
2010,STATE_2010,232,Dagestan,RUS,SOV,,,DAG RUS,DAG SOV
2011,STATE_2011,104,STATE_104,YUG,YUG,,CRO,BOS YUG,BOS YUG
2012,STATE_2012,109,Croatia,YUG,YUG,,CRO,CRO YUG,CRO VOJ YUG
2013,STATE_2013,601,STATE_601,TIB,TIB,,,TIB,CHI HSI PRC TIB
2014,STATE_2014,63,STATE_63,GER,GER,,,GER KSH PRE,GER PRE
2016,STATE_2016,159,STATE_159,ITA,ITA,,,ITA LBV,ITA VEC
2017,STATE_2017,157,STATE_157,ITA,ITA,,,ITA PAP,ITA KTS
2018,STATE_2018,27,Bourgogne,FRA,FRA,,GER,FRA,FRA
2019,STATE_2019,189,STATE_189,RUS,LIT,,SOV,LIT,LIT
2023,STATE_2023,610,Jehol,BYG,MAN,BYG,,BYG MAN,CHI MAN PRC
2027,STATE_2027,1033,STATE_1033,GXC,CHI,,,GDC GXC,CHI GXC PRC
2029,STATE_2029,86,STATE_86,GER,POL,,GER,GER POL,POL
2031,STATE_2031,86,STATE_86,GER,POL,,GER,GER POL,POL
2032,STATE_2032,68,STATE_68,GER,GER,,,GER PRE,GER LUS PRE
2036,STATE_2036,65,STATE_65,GER,GER,,,GER SAX,GER PRE
2037,STATE_2037,272,STATE_272,AOC,FRA,AOC,,SEN,SEN
2038,STATE_2038,16,STATE_16,FRA,FRA,,GER,FRA,BGN FRA
2039,STATE_2039,1062,STATE_1062,FRA,FRA,,GER,FRA,BGN FRA
2040,STATE_2040,27,Bourgogne,FRA,FRA,,GER,FRA,BGN FRA
2041,STATE_2041,17,Lorraine,FRA,FRA,,GER,FRA,BGN FRA
2042,STATE_2042,27,Bourgogne,FRA,FRA,,GER,FRA,BGN FRA
2043,STATE_2043,27,Bourgogne,FRA,FRA,,GER,FRA,BGN FRA
2044,STATE_2044,27,Bourgogne,FRA,FRA,,GER,FRA,BGN FRA
